ISO-10303-21;
HEADER;
/* Generated by software containing ST-Developer
 * from STEP Tools, Inc. (www.steptools.com) 
 */

FILE_DESCRIPTION(
/* description */ (''),
/* implementation_level */ '2;1');

FILE_NAME(
/* name */ 'padpcb step idk.step',
/* time_stamp */ '2026-07-31T00:31:12+02:00',
/* author */ (''),
/* organization */ (''),
/* preprocessor_version */ 'ST-DEVELOPER v20.1',
/* originating_system */ 'Autodesk Translation Framework v15.8.0.0',
/* authorisation */ '');

FILE_SCHEMA (('AUTOMOTIVE_DESIGN { 1 0 10303 214 3 1 1 }'));
ENDSEC;

DATA;
#10=MECHANICAL_DESIGN_GEOMETRIC_PRESENTATION_REPRESENTATION('',(#13,#14,
#15),#3322);
#11=SHAPE_REPRESENTATION_RELATIONSHIP('SRR','None',#3329,#12);
#12=ADVANCED_BREP_SHAPE_REPRESENTATION('',(#16,#17,#18),#3321);
#13=STYLED_ITEM('',(#3338),#16);
#14=STYLED_ITEM('',(#3338),#17);
#15=STYLED_ITEM('',(#3338),#18);
#16=MANIFOLD_SOLID_BREP('Bry\X2\0142\X0\a1',#1964);
#17=MANIFOLD_SOLID_BREP('Bry\X2\0142\X0\a3',#1965);
#18=MANIFOLD_SOLID_BREP('Bry\X2\0142\X0\a4',#1966);
#19=FACE_BOUND('',#259,.T.);
#20=FACE_BOUND('',#260,.T.);
#21=FACE_BOUND('',#261,.T.);
#22=FACE_BOUND('',#262,.T.);
#23=FACE_BOUND('',#263,.T.);
#24=FACE_BOUND('',#266,.T.);
#25=FACE_BOUND('',#267,.T.);
#26=FACE_BOUND('',#268,.T.);
#27=FACE_BOUND('',#269,.T.);
#28=FACE_BOUND('',#286,.T.);
#29=FACE_BOUND('',#287,.T.);
#30=FACE_BOUND('',#288,.T.);
#31=FACE_BOUND('',#289,.T.);
#32=FACE_BOUND('',#290,.T.);
#33=FACE_BOUND('',#291,.T.);
#34=FACE_BOUND('',#308,.T.);
#35=FACE_BOUND('',#309,.T.);
#36=FACE_BOUND('',#310,.T.);
#37=FACE_BOUND('',#311,.T.);
#38=FACE_BOUND('',#312,.T.);
#39=FACE_BOUND('',#313,.T.);
#40=FACE_BOUND('',#350,.T.);
#41=FACE_BOUND('',#351,.T.);
#42=FACE_BOUND('',#352,.T.);
#43=FACE_BOUND('',#353,.T.);
#44=FACE_BOUND('',#354,.T.);
#45=FACE_BOUND('',#355,.T.);
#46=FACE_BOUND('',#356,.T.);
#47=FACE_BOUND('',#357,.T.);
#48=FACE_BOUND('',#358,.T.);
#49=FACE_BOUND('',#359,.T.);
#50=FACE_BOUND('',#361,.T.);
#51=FACE_BOUND('',#362,.T.);
#52=FACE_BOUND('',#363,.T.);
#53=FACE_BOUND('',#364,.T.);
#54=FACE_BOUND('',#365,.T.);
#55=FACE_BOUND('',#366,.T.);
#56=FACE_BOUND('',#367,.T.);
#57=FACE_BOUND('',#368,.T.);
#58=FACE_BOUND('',#369,.T.);
#59=FACE_BOUND('',#370,.T.);
#60=B_SPLINE_CURVE_WITH_KNOTS('',3,(#2799,#2800,#2801,#2802,#2803,#2804,
#2805,#2806,#2807,#2808,#2809,#2810,#2811,#2812),.UNSPECIFIED.,.F.,.F.,
(4,2,2,2,2,2,4),(0.,0.0492191150482943,0.102940460952249,0.158653087860042,
0.215952508231992,0.274238757451547,0.280372876582017),.UNSPECIFIED.);
#61=B_SPLINE_CURVE_WITH_KNOTS('',3,(#2814,#2815,#2816,#2817),
 .UNSPECIFIED.,.F.,.F.,(4,4),(0.280372876582017,0.307575453775535),
 .UNSPECIFIED.);
#62=TOROIDAL_SURFACE('',#1984,7.00000000000009,3.);
#63=TOROIDAL_SURFACE('',#1991,6.99999999999989,3.);
#64=TOROIDAL_SURFACE('',#1997,6.99999999999999,3.);
#65=TOROIDAL_SURFACE('',#2004,6.99999999999999,3.);
#66=TOROIDAL_SURFACE('',#2010,6.99999999999998,3.);
#67=TOROIDAL_SURFACE('',#2055,9.00000000000005,1.);
#68=TOROIDAL_SURFACE('',#2061,9.00000000000021,1.);
#69=TOROIDAL_SURFACE('',#2067,9.00000000000001,1.);
#70=TOROIDAL_SURFACE('',#2073,8.99999999999998,1.);
#71=TOROIDAL_SURFACE('',#2079,8.99999999999999,1.);
#72=PLANE('',#1983);
#73=PLANE('',#2017);
#74=PLANE('',#2020);
#75=PLANE('',#2026);
#76=PLANE('',#2027);
#77=PLANE('',#2037);
#78=PLANE('',#2038);
#79=PLANE('',#2042);
#80=PLANE('',#2045);
#81=PLANE('',#2048);
#82=PLANE('',#2049);
#83=PLANE('',#2050);
#84=PLANE('',#2051);
#85=PLANE('',#2082);
#86=PLANE('',#2085);
#87=PLANE('',#2088);
#88=PLANE('',#2089);
#89=PLANE('',#2097);
#90=PLANE('',#2098);
#91=PLANE('',#2099);
#92=PLANE('',#2100);
#93=PLANE('',#2101);
#94=PLANE('',#2112);
#95=PLANE('',#2115);
#96=PLANE('',#2118);
#97=PLANE('',#2122);
#98=PLANE('',#2123);
#99=PLANE('',#2124);
#100=PLANE('',#2125);
#101=PLANE('',#2129);
#102=PLANE('',#2130);
#103=PLANE('',#2131);
#104=PLANE('',#2132);
#105=PLANE('',#2139);
#106=PLANE('',#2140);
#107=PLANE('',#2141);
#108=PLANE('',#2142);
#109=PLANE('',#2146);
#110=PLANE('',#2147);
#111=PLANE('',#2148);
#112=PLANE('',#2149);
#113=PLANE('',#2150);
#114=PLANE('',#2151);
#115=PLANE('',#2152);
#116=PLANE('',#2153);
#117=PLANE('',#2154);
#118=PLANE('',#2158);
#119=PLANE('',#2162);
#120=PLANE('',#2166);
#121=PLANE('',#2170);
#122=PLANE('',#2174);
#123=PLANE('',#2175);
#124=FACE_OUTER_BOUND('',#227,.T.);
#125=FACE_OUTER_BOUND('',#228,.T.);
#126=FACE_OUTER_BOUND('',#229,.T.);
#127=FACE_OUTER_BOUND('',#230,.T.);
#128=FACE_OUTER_BOUND('',#231,.T.);
#129=FACE_OUTER_BOUND('',#232,.T.);
#130=FACE_OUTER_BOUND('',#233,.T.);
#131=FACE_OUTER_BOUND('',#234,.T.);
#132=FACE_OUTER_BOUND('',#235,.T.);
#133=FACE_OUTER_BOUND('',#236,.T.);
#134=FACE_OUTER_BOUND('',#237,.T.);
#135=FACE_OUTER_BOUND('',#238,.T.);
#136=FACE_OUTER_BOUND('',#239,.T.);
#137=FACE_OUTER_BOUND('',#240,.T.);
#138=FACE_OUTER_BOUND('',#241,.T.);
#139=FACE_OUTER_BOUND('',#242,.T.);
#140=FACE_OUTER_BOUND('',#243,.T.);
#141=FACE_OUTER_BOUND('',#244,.T.);
#142=FACE_OUTER_BOUND('',#245,.T.);
#143=FACE_OUTER_BOUND('',#246,.T.);
#144=FACE_OUTER_BOUND('',#247,.T.);
#145=FACE_OUTER_BOUND('',#248,.T.);
#146=FACE_OUTER_BOUND('',#249,.T.);
#147=FACE_OUTER_BOUND('',#250,.T.);
#148=FACE_OUTER_BOUND('',#251,.T.);
#149=FACE_OUTER_BOUND('',#252,.T.);
#150=FACE_OUTER_BOUND('',#253,.T.);
#151=FACE_OUTER_BOUND('',#254,.T.);
#152=FACE_OUTER_BOUND('',#255,.T.);
#153=FACE_OUTER_BOUND('',#256,.T.);
#154=FACE_OUTER_BOUND('',#257,.T.);
#155=FACE_OUTER_BOUND('',#258,.T.);
#156=FACE_OUTER_BOUND('',#264,.T.);
#157=FACE_OUTER_BOUND('',#265,.T.);
#158=FACE_OUTER_BOUND('',#270,.T.);
#159=FACE_OUTER_BOUND('',#271,.T.);
#160=FACE_OUTER_BOUND('',#272,.T.);
#161=FACE_OUTER_BOUND('',#273,.T.);
#162=FACE_OUTER_BOUND('',#274,.T.);
#163=FACE_OUTER_BOUND('',#275,.T.);
#164=FACE_OUTER_BOUND('',#276,.T.);
#165=FACE_OUTER_BOUND('',#277,.T.);
#166=FACE_OUTER_BOUND('',#278,.T.);
#167=FACE_OUTER_BOUND('',#279,.T.);
#168=FACE_OUTER_BOUND('',#280,.T.);
#169=FACE_OUTER_BOUND('',#281,.T.);
#170=FACE_OUTER_BOUND('',#282,.T.);
#171=FACE_OUTER_BOUND('',#283,.T.);
#172=FACE_OUTER_BOUND('',#284,.T.);
#173=FACE_OUTER_BOUND('',#285,.T.);
#174=FACE_OUTER_BOUND('',#292,.T.);
#175=FACE_OUTER_BOUND('',#293,.T.);
#176=FACE_OUTER_BOUND('',#294,.T.);
#177=FACE_OUTER_BOUND('',#295,.T.);
#178=FACE_OUTER_BOUND('',#296,.T.);
#179=FACE_OUTER_BOUND('',#297,.T.);
#180=FACE_OUTER_BOUND('',#298,.T.);
#181=FACE_OUTER_BOUND('',#299,.T.);
#182=FACE_OUTER_BOUND('',#300,.T.);
#183=FACE_OUTER_BOUND('',#301,.T.);
#184=FACE_OUTER_BOUND('',#302,.T.);
#185=FACE_OUTER_BOUND('',#303,.T.);
#186=FACE_OUTER_BOUND('',#304,.T.);
#187=FACE_OUTER_BOUND('',#305,.T.);
#188=FACE_OUTER_BOUND('',#306,.T.);
#189=FACE_OUTER_BOUND('',#307,.T.);
#190=FACE_OUTER_BOUND('',#314,.T.);
#191=FACE_OUTER_BOUND('',#315,.T.);
#192=FACE_OUTER_BOUND('',#316,.T.);
#193=FACE_OUTER_BOUND('',#317,.T.);
#194=FACE_OUTER_BOUND('',#318,.T.);
#195=FACE_OUTER_BOUND('',#319,.T.);
#196=FACE_OUTER_BOUND('',#320,.T.);
#197=FACE_OUTER_BOUND('',#321,.T.);
#198=FACE_OUTER_BOUND('',#322,.T.);
#199=FACE_OUTER_BOUND('',#323,.T.);
#200=FACE_OUTER_BOUND('',#324,.T.);
#201=FACE_OUTER_BOUND('',#325,.T.);
#202=FACE_OUTER_BOUND('',#326,.T.);
#203=FACE_OUTER_BOUND('',#327,.T.);
#204=FACE_OUTER_BOUND('',#328,.T.);
#205=FACE_OUTER_BOUND('',#329,.T.);
#206=FACE_OUTER_BOUND('',#330,.T.);
#207=FACE_OUTER_BOUND('',#331,.T.);
#208=FACE_OUTER_BOUND('',#332,.T.);
#209=FACE_OUTER_BOUND('',#333,.T.);
#210=FACE_OUTER_BOUND('',#334,.T.);
#211=FACE_OUTER_BOUND('',#335,.T.);
#212=FACE_OUTER_BOUND('',#336,.T.);
#213=FACE_OUTER_BOUND('',#337,.T.);
#214=FACE_OUTER_BOUND('',#338,.T.);
#215=FACE_OUTER_BOUND('',#339,.T.);
#216=FACE_OUTER_BOUND('',#340,.T.);
#217=FACE_OUTER_BOUND('',#341,.T.);
#218=FACE_OUTER_BOUND('',#342,.T.);
#219=FACE_OUTER_BOUND('',#343,.T.);
#220=FACE_OUTER_BOUND('',#344,.T.);
#221=FACE_OUTER_BOUND('',#345,.T.);
#222=FACE_OUTER_BOUND('',#346,.T.);
#223=FACE_OUTER_BOUND('',#347,.T.);
#224=FACE_OUTER_BOUND('',#348,.T.);
#225=FACE_OUTER_BOUND('',#349,.T.);
#226=FACE_OUTER_BOUND('',#360,.T.);
#227=EDGE_LOOP('',(#1272,#1273,#1274,#1275));
#228=EDGE_LOOP('',(#1276,#1277,#1278,#1279,#1280,#1281));
#229=EDGE_LOOP('',(#1282,#1283,#1284,#1285));
#230=EDGE_LOOP('',(#1286,#1287,#1288,#1289));
#231=EDGE_LOOP('',(#1290,#1291,#1292,#1293));
#232=EDGE_LOOP('',(#1294,#1295,#1296,#1297));
#233=EDGE_LOOP('',(#1298,#1299,#1300,#1301,#1302,#1303,#1304));
#234=EDGE_LOOP('',(#1305,#1306,#1307,#1308));
#235=EDGE_LOOP('',(#1309,#1310,#1311,#1312));
#236=EDGE_LOOP('',(#1313,#1314,#1315,#1316));
#237=EDGE_LOOP('',(#1317,#1318,#1319,#1320));
#238=EDGE_LOOP('',(#1321,#1322,#1323,#1324));
#239=EDGE_LOOP('',(#1325,#1326,#1327,#1328));
#240=EDGE_LOOP('',(#1329,#1330,#1331,#1332));
#241=EDGE_LOOP('',(#1333,#1334,#1335,#1336));
#242=EDGE_LOOP('',(#1337,#1338,#1339,#1340));
#243=EDGE_LOOP('',(#1341,#1342,#1343,#1344));
#244=EDGE_LOOP('',(#1345,#1346,#1347,#1348,#1349,#1350));
#245=EDGE_LOOP('',(#1351,#1352,#1353,#1354));
#246=EDGE_LOOP('',(#1355,#1356,#1357,#1358));
#247=EDGE_LOOP('',(#1359,#1360,#1361,#1362));
#248=EDGE_LOOP('',(#1363,#1364,#1365,#1366));
#249=EDGE_LOOP('',(#1367,#1368,#1369,#1370));
#250=EDGE_LOOP('',(#1371,#1372,#1373,#1374));
#251=EDGE_LOOP('',(#1375,#1376,#1377,#1378));
#252=EDGE_LOOP('',(#1379,#1380,#1381,#1382));
#253=EDGE_LOOP('',(#1383,#1384,#1385,#1386));
#254=EDGE_LOOP('',(#1387,#1388,#1389,#1390));
#255=EDGE_LOOP('',(#1391,#1392,#1393,#1394,#1395,#1396));
#256=EDGE_LOOP('',(#1397,#1398,#1399,#1400));
#257=EDGE_LOOP('',(#1401,#1402,#1403,#1404));
#258=EDGE_LOOP('',(#1405,#1406,#1407,#1408,#1409,#1410,#1411,#1412,#1413,
#1414,#1415,#1416,#1417,#1418,#1419,#1420,#1421,#1422,#1423));
#259=EDGE_LOOP('',(#1424));
#260=EDGE_LOOP('',(#1425));
#261=EDGE_LOOP('',(#1426));
#262=EDGE_LOOP('',(#1427));
#263=EDGE_LOOP('',(#1428));
#264=EDGE_LOOP('',(#1429,#1430,#1431,#1432,#1433));
#265=EDGE_LOOP('',(#1434,#1435,#1436,#1437,#1438,#1439,#1440,#1441,#1442,
#1443,#1444,#1445));
#266=EDGE_LOOP('',(#1446));
#267=EDGE_LOOP('',(#1447));
#268=EDGE_LOOP('',(#1448));
#269=EDGE_LOOP('',(#1449));
#270=EDGE_LOOP('',(#1450,#1451,#1452,#1453));
#271=EDGE_LOOP('',(#1454,#1455,#1456,#1457));
#272=EDGE_LOOP('',(#1458,#1459,#1460,#1461));
#273=EDGE_LOOP('',(#1462,#1463,#1464,#1465));
#274=EDGE_LOOP('',(#1466,#1467,#1468,#1469));
#275=EDGE_LOOP('',(#1470,#1471,#1472,#1473));
#276=EDGE_LOOP('',(#1474,#1475,#1476,#1477));
#277=EDGE_LOOP('',(#1478,#1479,#1480,#1481));
#278=EDGE_LOOP('',(#1482,#1483,#1484,#1485));
#279=EDGE_LOOP('',(#1486,#1487,#1488,#1489));
#280=EDGE_LOOP('',(#1490,#1491,#1492,#1493));
#281=EDGE_LOOP('',(#1494,#1495,#1496,#1497));
#282=EDGE_LOOP('',(#1498,#1499,#1500,#1501));
#283=EDGE_LOOP('',(#1502,#1503,#1504,#1505));
#284=EDGE_LOOP('',(#1506,#1507,#1508,#1509));
#285=EDGE_LOOP('',(#1510,#1511,#1512,#1513,#1514,#1515,#1516,#1517,#1518,
#1519));
#286=EDGE_LOOP('',(#1520));
#287=EDGE_LOOP('',(#1521,#1522,#1523,#1524,#1525));
#288=EDGE_LOOP('',(#1526));
#289=EDGE_LOOP('',(#1527));
#290=EDGE_LOOP('',(#1528));
#291=EDGE_LOOP('',(#1529));
#292=EDGE_LOOP('',(#1530,#1531,#1532,#1533));
#293=EDGE_LOOP('',(#1534,#1535,#1536,#1537));
#294=EDGE_LOOP('',(#1538,#1539,#1540,#1541));
#295=EDGE_LOOP('',(#1542,#1543,#1544,#1545));
#296=EDGE_LOOP('',(#1546,#1547,#1548,#1549));
#297=EDGE_LOOP('',(#1550,#1551,#1552,#1553));
#298=EDGE_LOOP('',(#1554,#1555,#1556,#1557));
#299=EDGE_LOOP('',(#1558,#1559,#1560,#1561));
#300=EDGE_LOOP('',(#1562,#1563,#1564,#1565));
#301=EDGE_LOOP('',(#1566,#1567,#1568,#1569));
#302=EDGE_LOOP('',(#1570,#1571,#1572,#1573));
#303=EDGE_LOOP('',(#1574,#1575,#1576,#1577));
#304=EDGE_LOOP('',(#1578,#1579,#1580,#1581));
#305=EDGE_LOOP('',(#1582,#1583,#1584,#1585));
#306=EDGE_LOOP('',(#1586,#1587,#1588,#1589));
#307=EDGE_LOOP('',(#1590,#1591,#1592,#1593,#1594,#1595,#1596,#1597,#1598,
#1599));
#308=EDGE_LOOP('',(#1600));
#309=EDGE_LOOP('',(#1601));
#310=EDGE_LOOP('',(#1602));
#311=EDGE_LOOP('',(#1603));
#312=EDGE_LOOP('',(#1604,#1605,#1606,#1607,#1608));
#313=EDGE_LOOP('',(#1609));
#314=EDGE_LOOP('',(#1610,#1611,#1612,#1613));
#315=EDGE_LOOP('',(#1614,#1615,#1616,#1617));
#316=EDGE_LOOP('',(#1618,#1619,#1620,#1621));
#317=EDGE_LOOP('',(#1622,#1623,#1624,#1625));
#318=EDGE_LOOP('',(#1626,#1627,#1628,#1629));
#319=EDGE_LOOP('',(#1630,#1631,#1632,#1633));
#320=EDGE_LOOP('',(#1634,#1635,#1636,#1637));
#321=EDGE_LOOP('',(#1638,#1639,#1640,#1641));
#322=EDGE_LOOP('',(#1642,#1643,#1644,#1645));
#323=EDGE_LOOP('',(#1646,#1647,#1648,#1649));
#324=EDGE_LOOP('',(#1650,#1651,#1652,#1653));
#325=EDGE_LOOP('',(#1654,#1655,#1656,#1657));
#326=EDGE_LOOP('',(#1658,#1659,#1660,#1661));
#327=EDGE_LOOP('',(#1662,#1663,#1664,#1665));
#328=EDGE_LOOP('',(#1666,#1667,#1668,#1669));
#329=EDGE_LOOP('',(#1670,#1671,#1672,#1673));
#330=EDGE_LOOP('',(#1674,#1675,#1676,#1677));
#331=EDGE_LOOP('',(#1678,#1679,#1680,#1681));
#332=EDGE_LOOP('',(#1682,#1683,#1684,#1685));
#333=EDGE_LOOP('',(#1686,#1687,#1688,#1689));
#334=EDGE_LOOP('',(#1690,#1691,#1692,#1693));
#335=EDGE_LOOP('',(#1694,#1695,#1696,#1697));
#336=EDGE_LOOP('',(#1698,#1699,#1700,#1701));
#337=EDGE_LOOP('',(#1702,#1703,#1704,#1705));
#338=EDGE_LOOP('',(#1706,#1707,#1708,#1709));
#339=EDGE_LOOP('',(#1710,#1711,#1712,#1713));
#340=EDGE_LOOP('',(#1714,#1715,#1716,#1717));
#341=EDGE_LOOP('',(#1718,#1719,#1720,#1721));
#342=EDGE_LOOP('',(#1722,#1723,#1724,#1725));
#343=EDGE_LOOP('',(#1726,#1727,#1728,#1729));
#344=EDGE_LOOP('',(#1730,#1731,#1732,#1733));
#345=EDGE_LOOP('',(#1734,#1735,#1736,#1737));
#346=EDGE_LOOP('',(#1738,#1739,#1740,#1741));
#347=EDGE_LOOP('',(#1742,#1743,#1744,#1745));
#348=EDGE_LOOP('',(#1746,#1747,#1748,#1749));
#349=EDGE_LOOP('',(#1750,#1751,#1752,#1753,#1754,#1755,#1756,#1757,#1758,
#1759));
#350=EDGE_LOOP('',(#1760,#1761,#1762,#1763));
#351=EDGE_LOOP('',(#1764,#1765,#1766,#1767));
#352=EDGE_LOOP('',(#1768));
#353=EDGE_LOOP('',(#1769,#1770,#1771,#1772));
#354=EDGE_LOOP('',(#1773));
#355=EDGE_LOOP('',(#1774));
#356=EDGE_LOOP('',(#1775,#1776,#1777,#1778));
#357=EDGE_LOOP('',(#1779));
#358=EDGE_LOOP('',(#1780,#1781,#1782,#1783));
#359=EDGE_LOOP('',(#1784));
#360=EDGE_LOOP('',(#1785,#1786,#1787,#1788,#1789,#1790,#1791,#1792,#1793,
#1794));
#361=EDGE_LOOP('',(#1795,#1796,#1797,#1798));
#362=EDGE_LOOP('',(#1799,#1800,#1801,#1802));
#363=EDGE_LOOP('',(#1803));
#364=EDGE_LOOP('',(#1804,#1805,#1806,#1807));
#365=EDGE_LOOP('',(#1808));
#366=EDGE_LOOP('',(#1809));
#367=EDGE_LOOP('',(#1810,#1811,#1812,#1813));
#368=EDGE_LOOP('',(#1814));
#369=EDGE_LOOP('',(#1815,#1816,#1817,#1818));
#370=EDGE_LOOP('',(#1819));
#371=CIRCLE('',#1981,9.);
#372=CIRCLE('',#1982,9.);
#373=CIRCLE('',#1985,3.00000000000001);
#374=CIRCLE('',#1986,7.00000000000009);
#375=CIRCLE('',#1987,3.);
#376=CIRCLE('',#1988,10.0000000000001);
#377=CIRCLE('',#1990,3.);
#378=CIRCLE('',#1992,3.);
#379=CIRCLE('',#1993,9.99999999999989);
#380=CIRCLE('',#1994,6.99999999999989);
#381=CIRCLE('',#1996,3.);
#382=CIRCLE('',#1998,6.99999999999999);
#383=CIRCLE('',#1999,3.);
#384=CIRCLE('',#2000,9.99999999999999);
#385=CIRCLE('',#2001,6.99999999999999);
#386=CIRCLE('',#2003,3.);
#387=CIRCLE('',#2005,3.);
#388=CIRCLE('',#2006,9.99999999999999);
#389=CIRCLE('',#2007,6.99999999999999);
#390=CIRCLE('',#2009,3.);
#391=CIRCLE('',#2011,3.);
#392=CIRCLE('',#2012,9.99999999999999);
#393=CIRCLE('',#2013,6.99999999999999);
#394=CIRCLE('',#2016,9.99999999999999);
#395=CIRCLE('',#2019,9.99999999999999);
#396=CIRCLE('',#2022,10.0000000000001);
#397=CIRCLE('',#2024,1.45);
#398=CIRCLE('',#2025,1.45);
#399=CIRCLE('',#2029,1.45);
#400=CIRCLE('',#2030,1.45);
#401=CIRCLE('',#2032,1.45);
#402=CIRCLE('',#2033,1.45);
#403=CIRCLE('',#2035,1.45);
#404=CIRCLE('',#2036,1.45);
#405=CIRCLE('',#2040,1.45);
#406=CIRCLE('',#2041,1.45);
#407=CIRCLE('',#2044,9.99999999999999);
#408=CIRCLE('',#2047,9.99999999999989);
#409=CIRCLE('',#2053,0.999999999999996);
#410=CIRCLE('',#2054,0.999999999999996);
#411=CIRCLE('',#2056,0.999999999999995);
#412=CIRCLE('',#2057,9.00000000000005);
#413=CIRCLE('',#2058,10.0000000000001);
#414=CIRCLE('',#2060,0.999999999999998);
#415=CIRCLE('',#2062,1.);
#416=CIRCLE('',#2063,9.00000000000021);
#417=CIRCLE('',#2064,10.0000000000002);
#418=CIRCLE('',#2066,1.);
#419=CIRCLE('',#2068,0.999999999999979);
#420=CIRCLE('',#2069,9.00000000000001);
#421=CIRCLE('',#2070,10.);
#422=CIRCLE('',#2072,1.00000000000001);
#423=CIRCLE('',#2074,0.999999999999996);
#424=CIRCLE('',#2075,8.99999999999998);
#425=CIRCLE('',#2076,9.99999999999998);
#426=CIRCLE('',#2078,1.);
#427=CIRCLE('',#2080,8.99999999999999);
#428=CIRCLE('',#2081,9.99999999999999);
#429=CIRCLE('',#2084,10.0000000000002);
#430=CIRCLE('',#2087,10.0000000000001);
#431=CIRCLE('',#2090,1.45000000000001);
#432=CIRCLE('',#2091,1.45);
#433=CIRCLE('',#2092,1.45);
#434=CIRCLE('',#2093,1.45);
#435=CIRCLE('',#2094,1.45);
#436=CIRCLE('',#2096,1.45000000000001);
#437=CIRCLE('',#2103,1.45);
#438=CIRCLE('',#2105,1.45);
#439=CIRCLE('',#2107,1.45);
#440=CIRCLE('',#2109,1.45);
#441=CIRCLE('',#2111,9.99999999999999);
#442=CIRCLE('',#2114,9.99999999999998);
#443=CIRCLE('',#2117,10.);
#444=CIRCLE('',#2120,1.45);
#445=CIRCLE('',#2121,1.45);
#446=CIRCLE('',#2127,1.45000000000001);
#447=CIRCLE('',#2128,1.45000000000001);
#448=CIRCLE('',#2134,1.45);
#449=CIRCLE('',#2135,1.45);
#450=CIRCLE('',#2137,1.45);
#451=CIRCLE('',#2138,1.45);
#452=CIRCLE('',#2144,1.45);
#453=CIRCLE('',#2145,1.45);
#454=CIRCLE('',#2156,10.6880007301569);
#455=CIRCLE('',#2157,10.6880007301569);
#456=CIRCLE('',#2160,9.99999999999993);
#457=CIRCLE('',#2161,9.99999999999993);
#458=CIRCLE('',#2164,10.0687972685004);
#459=CIRCLE('',#2165,10.0687972685004);
#460=CIRCLE('',#2168,9.99999999999999);
#461=CIRCLE('',#2169,9.99999999999999);
#462=CIRCLE('',#2172,9.99999999999999);
#463=CIRCLE('',#2173,9.99999999999999);
#464=LINE('',#2753,#643);
#465=LINE('',#2757,#644);
#466=LINE('',#2761,#645);
#467=LINE('',#2763,#646);
#468=LINE('',#2765,#647);
#469=LINE('',#2767,#648);
#470=LINE('',#2768,#649);
#471=LINE('',#2782,#650);
#472=LINE('',#2783,#651);
#473=LINE('',#2794,#652);
#474=LINE('',#2795,#653);
#475=LINE('',#2828,#654);
#476=LINE('',#2829,#655);
#477=LINE('',#2840,#656);
#478=LINE('',#2841,#657);
#479=LINE('',#2849,#658);
#480=LINE('',#2850,#659);
#481=LINE('',#2853,#660);
#482=LINE('',#2856,#661);
#483=LINE('',#2859,#662);
#484=LINE('',#2860,#663);
#485=LINE('',#2863,#664);
#486=LINE('',#2867,#665);
#487=LINE('',#2868,#666);
#488=LINE('',#2871,#667);
#489=LINE('',#2876,#668);
#490=LINE('',#2881,#669);
#491=LINE('',#2883,#670);
#492=LINE('',#2885,#671);
#493=LINE('',#2886,#672);
#494=LINE('',#2889,#673);
#495=LINE('',#2891,#674);
#496=LINE('',#2892,#675);
#497=LINE('',#2897,#676);
#498=LINE('',#2903,#677);
#499=LINE('',#2909,#678);
#500=LINE('',#2912,#679);
#501=LINE('',#2913,#680);
#502=LINE('',#2915,#681);
#503=LINE('',#2916,#682);
#504=LINE('',#2921,#683);
#505=LINE('',#2925,#684);
#506=LINE('',#2926,#685);
#507=LINE('',#2930,#686);
#508=LINE('',#2933,#687);
#509=LINE('',#2934,#688);
#510=LINE('',#2935,#689);
#511=LINE('',#2939,#690);
#512=LINE('',#2941,#691);
#513=LINE('',#2950,#692);
#514=LINE('',#2953,#693);
#515=LINE('',#2964,#694);
#516=LINE('',#2965,#695);
#517=LINE('',#2976,#696);
#518=LINE('',#2977,#697);
#519=LINE('',#2988,#698);
#520=LINE('',#2989,#699);
#521=LINE('',#3000,#700);
#522=LINE('',#3001,#701);
#523=LINE('',#3007,#702);
#524=LINE('',#3009,#703);
#525=LINE('',#3010,#704);
#526=LINE('',#3013,#705);
#527=LINE('',#3017,#706);
#528=LINE('',#3018,#707);
#529=LINE('',#3021,#708);
#530=LINE('',#3025,#709);
#531=LINE('',#3026,#710);
#532=LINE('',#3032,#711);
#533=LINE('',#3034,#712);
#534=LINE('',#3036,#713);
#535=LINE('',#3038,#714);
#536=LINE('',#3039,#715);
#537=LINE('',#3050,#716);
#538=LINE('',#3055,#717);
#539=LINE('',#3056,#718);
#540=LINE('',#3057,#719);
#541=LINE('',#3060,#720);
#542=LINE('',#3061,#721);
#543=LINE('',#3064,#722);
#544=LINE('',#3065,#723);
#545=LINE('',#3068,#724);
#546=LINE('',#3069,#725);
#547=LINE('',#3071,#726);
#548=LINE('',#3074,#727);
#549=LINE('',#3078,#728);
#550=LINE('',#3082,#729);
#551=LINE('',#3086,#730);
#552=LINE('',#3090,#731);
#553=LINE('',#3094,#732);
#554=LINE('',#3095,#733);
#555=LINE('',#3098,#734);
#556=LINE('',#3102,#735);
#557=LINE('',#3103,#736);
#558=LINE('',#3111,#737);
#559=LINE('',#3116,#738);
#560=LINE('',#3118,#739);
#561=LINE('',#3120,#740);
#562=LINE('',#3121,#741);
#563=LINE('',#3124,#742);
#564=LINE('',#3126,#743);
#565=LINE('',#3127,#744);
#566=LINE('',#3130,#745);
#567=LINE('',#3132,#746);
#568=LINE('',#3133,#747);
#569=LINE('',#3135,#748);
#570=LINE('',#3136,#749);
#571=LINE('',#3141,#750);
#572=LINE('',#3146,#751);
#573=LINE('',#3148,#752);
#574=LINE('',#3150,#753);
#575=LINE('',#3151,#754);
#576=LINE('',#3154,#755);
#577=LINE('',#3156,#756);
#578=LINE('',#3157,#757);
#579=LINE('',#3160,#758);
#580=LINE('',#3162,#759);
#581=LINE('',#3163,#760);
#582=LINE('',#3165,#761);
#583=LINE('',#3166,#762);
#584=LINE('',#3171,#763);
#585=LINE('',#3177,#764);
#586=LINE('',#3182,#765);
#587=LINE('',#3184,#766);
#588=LINE('',#3186,#767);
#589=LINE('',#3187,#768);
#590=LINE('',#3190,#769);
#591=LINE('',#3192,#770);
#592=LINE('',#3193,#771);
#593=LINE('',#3196,#772);
#594=LINE('',#3198,#773);
#595=LINE('',#3199,#774);
#596=LINE('',#3201,#775);
#597=LINE('',#3202,#776);
#598=LINE('',#3207,#777);
#599=LINE('',#3212,#778);
#600=LINE('',#3214,#779);
#601=LINE('',#3216,#780);
#602=LINE('',#3217,#781);
#603=LINE('',#3220,#782);
#604=LINE('',#3222,#783);
#605=LINE('',#3223,#784);
#606=LINE('',#3226,#785);
#607=LINE('',#3228,#786);
#608=LINE('',#3229,#787);
#609=LINE('',#3231,#788);
#610=LINE('',#3232,#789);
#611=LINE('',#3236,#790);
#612=LINE('',#3238,#791);
#613=LINE('',#3240,#792);
#614=LINE('',#3241,#793);
#615=LINE('',#3244,#794);
#616=LINE('',#3246,#795);
#617=LINE('',#3247,#796);
#618=LINE('',#3250,#797);
#619=LINE('',#3252,#798);
#620=LINE('',#3253,#799);
#621=LINE('',#3255,#800);
#622=LINE('',#3256,#801);
#623=LINE('',#3260,#802);
#624=LINE('',#3262,#803);
#625=LINE('',#3264,#804);
#626=LINE('',#3265,#805);
#627=LINE('',#3271,#806);
#628=LINE('',#3274,#807);
#629=LINE('',#3276,#808);
#630=LINE('',#3277,#809);
#631=LINE('',#3283,#810);
#632=LINE('',#3286,#811);
#633=LINE('',#3288,#812);
#634=LINE('',#3289,#813);
#635=LINE('',#3295,#814);
#636=LINE('',#3298,#815);
#637=LINE('',#3300,#816);
#638=LINE('',#3301,#817);
#639=LINE('',#3307,#818);
#640=LINE('',#3310,#819);
#641=LINE('',#3312,#820);
#642=LINE('',#3313,#821);
#643=VECTOR('',#2180,10.);
#644=VECTOR('',#2183,10.);
#645=VECTOR('',#2188,10.);
#646=VECTOR('',#2189,10.);
#647=VECTOR('',#2190,10.);
#648=VECTOR('',#2191,10.);
#649=VECTOR('',#2192,10.);
#650=VECTOR('',#2207,10.);
#651=VECTOR('',#2208,10.);
#652=VECTOR('',#2221,10.);
#653=VECTOR('',#2222,10.);
#654=VECTOR('',#2237,10.);
#655=VECTOR('',#2238,10.);
#656=VECTOR('',#2251,10.);
#657=VECTOR('',#2252,10.);
#658=VECTOR('',#2263,10.);
#659=VECTOR('',#2264,10.);
#660=VECTOR('',#2267,10.);
#661=VECTOR('',#2270,10.);
#662=VECTOR('',#2273,10.);
#663=VECTOR('',#2274,10.);
#664=VECTOR('',#2277,10.);
#665=VECTOR('',#2282,10.);
#666=VECTOR('',#2283,10.);
#667=VECTOR('',#2286,10.);
#668=VECTOR('',#2293,1.45);
#669=VECTOR('',#2298,10.);
#670=VECTOR('',#2299,10.);
#671=VECTOR('',#2300,10.);
#672=VECTOR('',#2301,10.);
#673=VECTOR('',#2304,10.);
#674=VECTOR('',#2305,10.);
#675=VECTOR('',#2306,10.);
#676=VECTOR('',#2311,1.45);
#677=VECTOR('',#2318,1.45);
#678=VECTOR('',#2325,1.45);
#679=VECTOR('',#2330,10.);
#680=VECTOR('',#2331,10.);
#681=VECTOR('',#2334,10.);
#682=VECTOR('',#2335,10.);
#683=VECTOR('',#2340,1.45);
#684=VECTOR('',#2345,10.);
#685=VECTOR('',#2346,10.);
#686=VECTOR('',#2351,10.);
#687=VECTOR('',#2354,10.);
#688=VECTOR('',#2355,10.);
#689=VECTOR('',#2356,10.);
#690=VECTOR('',#2361,10.);
#691=VECTOR('',#2364,10.);
#692=VECTOR('',#2375,10.);
#693=VECTOR('',#2378,10.);
#694=VECTOR('',#2391,10.);
#695=VECTOR('',#2392,10.);
#696=VECTOR('',#2405,10.);
#697=VECTOR('',#2406,10.);
#698=VECTOR('',#2419,10.);
#699=VECTOR('',#2420,10.);
#700=VECTOR('',#2433,10.);
#701=VECTOR('',#2434,10.);
#702=VECTOR('',#2443,10.);
#703=VECTOR('',#2444,10.);
#704=VECTOR('',#2445,10.);
#705=VECTOR('',#2448,10.);
#706=VECTOR('',#2453,10.);
#707=VECTOR('',#2454,10.);
#708=VECTOR('',#2457,10.);
#709=VECTOR('',#2462,10.);
#710=VECTOR('',#2463,10.);
#711=VECTOR('',#2468,10.);
#712=VECTOR('',#2469,10.);
#713=VECTOR('',#2470,10.);
#714=VECTOR('',#2471,10.);
#715=VECTOR('',#2472,10.);
#716=VECTOR('',#2483,1.45000000000001);
#717=VECTOR('',#2488,10.);
#718=VECTOR('',#2489,10.);
#719=VECTOR('',#2490,10.);
#720=VECTOR('',#2493,10.);
#721=VECTOR('',#2494,10.);
#722=VECTOR('',#2497,10.);
#723=VECTOR('',#2498,10.);
#724=VECTOR('',#2501,10.);
#725=VECTOR('',#2502,10.);
#726=VECTOR('',#2505,10.);
#727=VECTOR('',#2508,1.45);
#728=VECTOR('',#2513,1.45);
#729=VECTOR('',#2518,1.45);
#730=VECTOR('',#2523,1.45);
#731=VECTOR('',#2528,10.);
#732=VECTOR('',#2533,10.);
#733=VECTOR('',#2534,10.);
#734=VECTOR('',#2537,10.);
#735=VECTOR('',#2542,10.);
#736=VECTOR('',#2543,10.);
#737=VECTOR('',#2554,1.45);
#738=VECTOR('',#2559,10.);
#739=VECTOR('',#2560,10.);
#740=VECTOR('',#2561,10.);
#741=VECTOR('',#2562,10.);
#742=VECTOR('',#2565,10.);
#743=VECTOR('',#2566,10.);
#744=VECTOR('',#2567,10.);
#745=VECTOR('',#2570,10.);
#746=VECTOR('',#2571,10.);
#747=VECTOR('',#2572,10.);
#748=VECTOR('',#2575,10.);
#749=VECTOR('',#2576,10.);
#750=VECTOR('',#2581,1.45000000000001);
#751=VECTOR('',#2586,10.);
#752=VECTOR('',#2587,10.);
#753=VECTOR('',#2588,10.);
#754=VECTOR('',#2589,10.);
#755=VECTOR('',#2592,10.);
#756=VECTOR('',#2593,10.);
#757=VECTOR('',#2594,10.);
#758=VECTOR('',#2597,10.);
#759=VECTOR('',#2598,10.);
#760=VECTOR('',#2599,10.);
#761=VECTOR('',#2602,10.);
#762=VECTOR('',#2603,10.);
#763=VECTOR('',#2608,1.45);
#764=VECTOR('',#2615,1.45);
#765=VECTOR('',#2620,10.);
#766=VECTOR('',#2621,10.);
#767=VECTOR('',#2622,10.);
#768=VECTOR('',#2623,10.);
#769=VECTOR('',#2626,10.);
#770=VECTOR('',#2627,10.);
#771=VECTOR('',#2628,10.);
#772=VECTOR('',#2631,10.);
#773=VECTOR('',#2632,10.);
#774=VECTOR('',#2633,10.);
#775=VECTOR('',#2636,10.);
#776=VECTOR('',#2637,10.);
#777=VECTOR('',#2642,1.45);
#778=VECTOR('',#2647,10.);
#779=VECTOR('',#2648,10.);
#780=VECTOR('',#2649,10.);
#781=VECTOR('',#2650,10.);
#782=VECTOR('',#2653,10.);
#783=VECTOR('',#2654,10.);
#784=VECTOR('',#2655,10.);
#785=VECTOR('',#2658,10.);
#786=VECTOR('',#2659,10.);
#787=VECTOR('',#2660,10.);
#788=VECTOR('',#2663,10.);
#789=VECTOR('',#2664,10.);
#790=VECTOR('',#2667,10.);
#791=VECTOR('',#2668,10.);
#792=VECTOR('',#2669,10.);
#793=VECTOR('',#2670,10.);
#794=VECTOR('',#2673,10.);
#795=VECTOR('',#2674,10.);
#796=VECTOR('',#2675,10.);
#797=VECTOR('',#2678,10.);
#798=VECTOR('',#2679,10.);
#799=VECTOR('',#2680,10.);
#800=VECTOR('',#2683,10.);
#801=VECTOR('',#2684,10.);
#802=VECTOR('',#2687,10.);
#803=VECTOR('',#2688,10.);
#804=VECTOR('',#2689,10.);
#805=VECTOR('',#2690,10.);
#806=VECTOR('',#2697,10.);
#807=VECTOR('',#2700,10.);
#808=VECTOR('',#2701,10.);
#809=VECTOR('',#2702,10.);
#810=VECTOR('',#2709,10.);
#811=VECTOR('',#2712,10.);
#812=VECTOR('',#2713,10.);
#813=VECTOR('',#2714,10.);
#814=VECTOR('',#2721,10.);
#815=VECTOR('',#2724,10.);
#816=VECTOR('',#2725,10.);
#817=VECTOR('',#2726,10.);
#818=VECTOR('',#2733,10.);
#819=VECTOR('',#2736,10.);
#820=VECTOR('',#2737,10.);
#821=VECTOR('',#2738,10.);
#822=VERTEX_POINT('',#2751);
#823=VERTEX_POINT('',#2752);
#824=VERTEX_POINT('',#2754);
#825=VERTEX_POINT('',#2756);
#826=VERTEX_POINT('',#2760);
#827=VERTEX_POINT('',#2762);
#828=VERTEX_POINT('',#2764);
#829=VERTEX_POINT('',#2766);
#830=VERTEX_POINT('',#2770);
#831=VERTEX_POINT('',#2771);
#832=VERTEX_POINT('',#2773);
#833=VERTEX_POINT('',#2775);
#834=VERTEX_POINT('',#2779);
#835=VERTEX_POINT('',#2780);
#836=VERTEX_POINT('',#2785);
#837=VERTEX_POINT('',#2786);
#838=VERTEX_POINT('',#2791);
#839=VERTEX_POINT('',#2792);
#840=VERTEX_POINT('',#2797);
#841=VERTEX_POINT('',#2798);
#842=VERTEX_POINT('',#2813);
#843=VERTEX_POINT('',#2818);
#844=VERTEX_POINT('',#2820);
#845=VERTEX_POINT('',#2825);
#846=VERTEX_POINT('',#2826);
#847=VERTEX_POINT('',#2831);
#848=VERTEX_POINT('',#2832);
#849=VERTEX_POINT('',#2837);
#850=VERTEX_POINT('',#2838);
#851=VERTEX_POINT('',#2843);
#852=VERTEX_POINT('',#2844);
#853=VERTEX_POINT('',#2852);
#854=VERTEX_POINT('',#2854);
#855=VERTEX_POINT('',#2858);
#856=VERTEX_POINT('',#2862);
#857=VERTEX_POINT('',#2866);
#858=VERTEX_POINT('',#2870);
#859=VERTEX_POINT('',#2874);
#860=VERTEX_POINT('',#2879);
#861=VERTEX_POINT('',#2880);
#862=VERTEX_POINT('',#2882);
#863=VERTEX_POINT('',#2884);
#864=VERTEX_POINT('',#2888);
#865=VERTEX_POINT('',#2890);
#866=VERTEX_POINT('',#2894);
#867=VERTEX_POINT('',#2896);
#868=VERTEX_POINT('',#2900);
#869=VERTEX_POINT('',#2902);
#870=VERTEX_POINT('',#2906);
#871=VERTEX_POINT('',#2908);
#872=VERTEX_POINT('',#2918);
#873=VERTEX_POINT('',#2920);
#874=VERTEX_POINT('',#2924);
#875=VERTEX_POINT('',#2928);
#876=VERTEX_POINT('',#2932);
#877=VERTEX_POINT('',#2937);
#878=VERTEX_POINT('',#2946);
#879=VERTEX_POINT('',#2947);
#880=VERTEX_POINT('',#2949);
#881=VERTEX_POINT('',#2951);
#882=VERTEX_POINT('',#2955);
#883=VERTEX_POINT('',#2956);
#884=VERTEX_POINT('',#2961);
#885=VERTEX_POINT('',#2962);
#886=VERTEX_POINT('',#2967);
#887=VERTEX_POINT('',#2968);
#888=VERTEX_POINT('',#2973);
#889=VERTEX_POINT('',#2974);
#890=VERTEX_POINT('',#2979);
#891=VERTEX_POINT('',#2980);
#892=VERTEX_POINT('',#2985);
#893=VERTEX_POINT('',#2986);
#894=VERTEX_POINT('',#2991);
#895=VERTEX_POINT('',#2992);
#896=VERTEX_POINT('',#2997);
#897=VERTEX_POINT('',#2998);
#898=VERTEX_POINT('',#3006);
#899=VERTEX_POINT('',#3008);
#900=VERTEX_POINT('',#3012);
#901=VERTEX_POINT('',#3016);
#902=VERTEX_POINT('',#3020);
#903=VERTEX_POINT('',#3024);
#904=VERTEX_POINT('',#3028);
#905=VERTEX_POINT('',#3030);
#906=VERTEX_POINT('',#3031);
#907=VERTEX_POINT('',#3033);
#908=VERTEX_POINT('',#3035);
#909=VERTEX_POINT('',#3037);
#910=VERTEX_POINT('',#3040);
#911=VERTEX_POINT('',#3042);
#912=VERTEX_POINT('',#3044);
#913=VERTEX_POINT('',#3046);
#914=VERTEX_POINT('',#3049);
#915=VERTEX_POINT('',#3053);
#916=VERTEX_POINT('',#3054);
#917=VERTEX_POINT('',#3059);
#918=VERTEX_POINT('',#3063);
#919=VERTEX_POINT('',#3067);
#920=VERTEX_POINT('',#3073);
#921=VERTEX_POINT('',#3077);
#922=VERTEX_POINT('',#3081);
#923=VERTEX_POINT('',#3085);
#924=VERTEX_POINT('',#3089);
#925=VERTEX_POINT('',#3093);
#926=VERTEX_POINT('',#3097);
#927=VERTEX_POINT('',#3101);
#928=VERTEX_POINT('',#3108);
#929=VERTEX_POINT('',#3110);
#930=VERTEX_POINT('',#3114);
#931=VERTEX_POINT('',#3115);
#932=VERTEX_POINT('',#3117);
#933=VERTEX_POINT('',#3119);
#934=VERTEX_POINT('',#3123);
#935=VERTEX_POINT('',#3125);
#936=VERTEX_POINT('',#3129);
#937=VERTEX_POINT('',#3131);
#938=VERTEX_POINT('',#3138);
#939=VERTEX_POINT('',#3140);
#940=VERTEX_POINT('',#3144);
#941=VERTEX_POINT('',#3145);
#942=VERTEX_POINT('',#3147);
#943=VERTEX_POINT('',#3149);
#944=VERTEX_POINT('',#3153);
#945=VERTEX_POINT('',#3155);
#946=VERTEX_POINT('',#3159);
#947=VERTEX_POINT('',#3161);
#948=VERTEX_POINT('',#3168);
#949=VERTEX_POINT('',#3170);
#950=VERTEX_POINT('',#3174);
#951=VERTEX_POINT('',#3176);
#952=VERTEX_POINT('',#3180);
#953=VERTEX_POINT('',#3181);
#954=VERTEX_POINT('',#3183);
#955=VERTEX_POINT('',#3185);
#956=VERTEX_POINT('',#3189);
#957=VERTEX_POINT('',#3191);
#958=VERTEX_POINT('',#3195);
#959=VERTEX_POINT('',#3197);
#960=VERTEX_POINT('',#3204);
#961=VERTEX_POINT('',#3206);
#962=VERTEX_POINT('',#3210);
#963=VERTEX_POINT('',#3211);
#964=VERTEX_POINT('',#3213);
#965=VERTEX_POINT('',#3215);
#966=VERTEX_POINT('',#3219);
#967=VERTEX_POINT('',#3221);
#968=VERTEX_POINT('',#3225);
#969=VERTEX_POINT('',#3227);
#970=VERTEX_POINT('',#3234);
#971=VERTEX_POINT('',#3235);
#972=VERTEX_POINT('',#3237);
#973=VERTEX_POINT('',#3239);
#974=VERTEX_POINT('',#3243);
#975=VERTEX_POINT('',#3245);
#976=VERTEX_POINT('',#3249);
#977=VERTEX_POINT('',#3251);
#978=VERTEX_POINT('',#3258);
#979=VERTEX_POINT('',#3259);
#980=VERTEX_POINT('',#3261);
#981=VERTEX_POINT('',#3263);
#982=VERTEX_POINT('',#3267);
#983=VERTEX_POINT('',#3269);
#984=VERTEX_POINT('',#3273);
#985=VERTEX_POINT('',#3275);
#986=VERTEX_POINT('',#3279);
#987=VERTEX_POINT('',#3281);
#988=VERTEX_POINT('',#3285);
#989=VERTEX_POINT('',#3287);
#990=VERTEX_POINT('',#3291);
#991=VERTEX_POINT('',#3293);
#992=VERTEX_POINT('',#3297);
#993=VERTEX_POINT('',#3299);
#994=VERTEX_POINT('',#3303);
#995=VERTEX_POINT('',#3305);
#996=VERTEX_POINT('',#3309);
#997=VERTEX_POINT('',#3311);
#998=EDGE_CURVE('',#822,#823,#464,.T.);
#999=EDGE_CURVE('',#824,#822,#371,.T.);
#1000=EDGE_CURVE('',#825,#824,#465,.T.);
#1001=EDGE_CURVE('',#823,#825,#372,.T.);
#1002=EDGE_CURVE('',#826,#825,#466,.T.);
#1003=EDGE_CURVE('',#827,#826,#467,.T.);
#1004=EDGE_CURVE('',#828,#827,#468,.T.);
#1005=EDGE_CURVE('',#828,#829,#469,.T.);
#1006=EDGE_CURVE('',#823,#829,#470,.T.);
#1007=EDGE_CURVE('',#830,#831,#373,.T.);
#1008=EDGE_CURVE('',#831,#832,#374,.T.);
#1009=EDGE_CURVE('',#832,#833,#375,.T.);
#1010=EDGE_CURVE('',#833,#830,#376,.T.);
#1011=EDGE_CURVE('',#834,#835,#377,.T.);
#1012=EDGE_CURVE('',#835,#833,#471,.T.);
#1013=EDGE_CURVE('',#832,#834,#472,.T.);
#1014=EDGE_CURVE('',#836,#837,#378,.T.);
#1015=EDGE_CURVE('',#837,#835,#379,.T.);
#1016=EDGE_CURVE('',#834,#836,#380,.T.);
#1017=EDGE_CURVE('',#838,#839,#381,.T.);
#1018=EDGE_CURVE('',#839,#837,#473,.T.);
#1019=EDGE_CURVE('',#836,#838,#474,.T.);
#1020=EDGE_CURVE('',#840,#841,#60,.T.);
#1021=EDGE_CURVE('',#841,#842,#61,.T.);
#1022=EDGE_CURVE('',#842,#843,#382,.T.);
#1023=EDGE_CURVE('',#843,#844,#383,.T.);
#1024=EDGE_CURVE('',#844,#839,#384,.T.);
#1025=EDGE_CURVE('',#838,#840,#385,.T.);
#1026=EDGE_CURVE('',#845,#846,#386,.T.);
#1027=EDGE_CURVE('',#846,#844,#475,.T.);
#1028=EDGE_CURVE('',#843,#845,#476,.T.);
#1029=EDGE_CURVE('',#847,#848,#387,.T.);
#1030=EDGE_CURVE('',#848,#846,#388,.T.);
#1031=EDGE_CURVE('',#845,#847,#389,.T.);
#1032=EDGE_CURVE('',#849,#850,#390,.T.);
#1033=EDGE_CURVE('',#850,#848,#477,.T.);
#1034=EDGE_CURVE('',#847,#849,#478,.T.);
#1035=EDGE_CURVE('',#851,#852,#391,.T.);
#1036=EDGE_CURVE('',#852,#850,#392,.T.);
#1037=EDGE_CURVE('',#849,#851,#393,.T.);
#1038=EDGE_CURVE('',#830,#852,#479,.T.);
#1039=EDGE_CURVE('',#851,#831,#480,.T.);
#1040=EDGE_CURVE('',#848,#853,#481,.T.);
#1041=EDGE_CURVE('',#854,#853,#394,.T.);
#1042=EDGE_CURVE('',#846,#854,#482,.T.);
#1043=EDGE_CURVE('',#850,#855,#483,.T.);
#1044=EDGE_CURVE('',#853,#855,#484,.T.);
#1045=EDGE_CURVE('',#852,#856,#485,.T.);
#1046=EDGE_CURVE('',#855,#856,#395,.T.);
#1047=EDGE_CURVE('',#830,#857,#486,.T.);
#1048=EDGE_CURVE('',#856,#857,#487,.T.);
#1049=EDGE_CURVE('',#833,#858,#488,.T.);
#1050=EDGE_CURVE('',#857,#858,#396,.T.);
#1051=EDGE_CURVE('',#859,#859,#397,.T.);
#1052=EDGE_CURVE('',#859,#841,#489,.T.);
#1053=EDGE_CURVE('',#840,#842,#398,.T.);
#1054=EDGE_CURVE('',#860,#861,#490,.T.);
#1055=EDGE_CURVE('',#860,#862,#491,.T.);
#1056=EDGE_CURVE('',#863,#862,#492,.T.);
#1057=EDGE_CURVE('',#861,#863,#493,.T.);
#1058=EDGE_CURVE('',#864,#860,#494,.T.);
#1059=EDGE_CURVE('',#864,#865,#495,.T.);
#1060=EDGE_CURVE('',#862,#865,#496,.T.);
#1061=EDGE_CURVE('',#866,#866,#399,.T.);
#1062=EDGE_CURVE('',#866,#867,#497,.T.);
#1063=EDGE_CURVE('',#867,#867,#400,.T.);
#1064=EDGE_CURVE('',#868,#868,#401,.T.);
#1065=EDGE_CURVE('',#868,#869,#498,.T.);
#1066=EDGE_CURVE('',#869,#869,#402,.T.);
#1067=EDGE_CURVE('',#870,#870,#403,.T.);
#1068=EDGE_CURVE('',#870,#871,#499,.T.);
#1069=EDGE_CURVE('',#871,#871,#404,.T.);
#1070=EDGE_CURVE('',#861,#828,#500,.T.);
#1071=EDGE_CURVE('',#829,#863,#501,.T.);
#1072=EDGE_CURVE('',#827,#864,#502,.T.);
#1073=EDGE_CURVE('',#865,#826,#503,.T.);
#1074=EDGE_CURVE('',#872,#872,#405,.T.);
#1075=EDGE_CURVE('',#872,#873,#504,.T.);
#1076=EDGE_CURVE('',#873,#873,#406,.T.);
#1077=EDGE_CURVE('',#874,#854,#505,.T.);
#1078=EDGE_CURVE('',#844,#874,#506,.T.);
#1079=EDGE_CURVE('',#875,#874,#407,.T.);
#1080=EDGE_CURVE('',#839,#875,#507,.T.);
#1081=EDGE_CURVE('',#876,#822,#508,.T.);
#1082=EDGE_CURVE('',#837,#876,#509,.T.);
#1083=EDGE_CURVE('',#824,#875,#510,.T.);
#1084=EDGE_CURVE('',#877,#876,#408,.T.);
#1085=EDGE_CURVE('',#835,#877,#511,.T.);
#1086=EDGE_CURVE('',#858,#877,#512,.T.);
#1087=EDGE_CURVE('',#878,#879,#409,.T.);
#1088=EDGE_CURVE('',#879,#880,#513,.T.);
#1089=EDGE_CURVE('',#880,#881,#410,.T.);
#1090=EDGE_CURVE('',#881,#878,#514,.T.);
#1091=EDGE_CURVE('',#882,#883,#411,.T.);
#1092=EDGE_CURVE('',#883,#881,#412,.T.);
#1093=EDGE_CURVE('',#880,#882,#413,.T.);
#1094=EDGE_CURVE('',#884,#885,#414,.T.);
#1095=EDGE_CURVE('',#885,#883,#515,.T.);
#1096=EDGE_CURVE('',#882,#884,#516,.T.);
#1097=EDGE_CURVE('',#886,#887,#415,.T.);
#1098=EDGE_CURVE('',#887,#885,#416,.T.);
#1099=EDGE_CURVE('',#884,#886,#417,.T.);
#1100=EDGE_CURVE('',#888,#889,#418,.T.);
#1101=EDGE_CURVE('',#889,#887,#517,.T.);
#1102=EDGE_CURVE('',#886,#888,#518,.T.);
#1103=EDGE_CURVE('',#890,#891,#419,.T.);
#1104=EDGE_CURVE('',#891,#889,#420,.T.);
#1105=EDGE_CURVE('',#888,#890,#421,.T.);
#1106=EDGE_CURVE('',#892,#893,#422,.T.);
#1107=EDGE_CURVE('',#893,#891,#519,.T.);
#1108=EDGE_CURVE('',#890,#892,#520,.T.);
#1109=EDGE_CURVE('',#894,#895,#423,.T.);
#1110=EDGE_CURVE('',#895,#893,#424,.T.);
#1111=EDGE_CURVE('',#892,#894,#425,.T.);
#1112=EDGE_CURVE('',#896,#897,#426,.T.);
#1113=EDGE_CURVE('',#897,#895,#521,.T.);
#1114=EDGE_CURVE('',#894,#896,#522,.T.);
#1115=EDGE_CURVE('',#878,#897,#427,.T.);
#1116=EDGE_CURVE('',#896,#879,#428,.T.);
#1117=EDGE_CURVE('',#898,#886,#523,.T.);
#1118=EDGE_CURVE('',#898,#899,#524,.T.);
#1119=EDGE_CURVE('',#899,#888,#525,.T.);
#1120=EDGE_CURVE('',#900,#884,#526,.T.);
#1121=EDGE_CURVE('',#900,#898,#429,.T.);
#1122=EDGE_CURVE('',#901,#882,#527,.T.);
#1123=EDGE_CURVE('',#901,#900,#528,.T.);
#1124=EDGE_CURVE('',#902,#880,#529,.T.);
#1125=EDGE_CURVE('',#902,#901,#430,.T.);
#1126=EDGE_CURVE('',#903,#879,#530,.T.);
#1127=EDGE_CURVE('',#903,#902,#531,.T.);
#1128=EDGE_CURVE('',#904,#904,#431,.T.);
#1129=EDGE_CURVE('',#905,#906,#532,.T.);
#1130=EDGE_CURVE('',#906,#907,#533,.T.);
#1131=EDGE_CURVE('',#907,#908,#534,.T.);
#1132=EDGE_CURVE('',#908,#909,#535,.T.);
#1133=EDGE_CURVE('',#909,#905,#536,.T.);
#1134=EDGE_CURVE('',#910,#910,#432,.T.);
#1135=EDGE_CURVE('',#911,#911,#433,.T.);
#1136=EDGE_CURVE('',#912,#912,#434,.T.);
#1137=EDGE_CURVE('',#913,#913,#435,.T.);
#1138=EDGE_CURVE('',#904,#914,#537,.T.);
#1139=EDGE_CURVE('',#914,#914,#436,.T.);
#1140=EDGE_CURVE('',#915,#916,#538,.T.);
#1141=EDGE_CURVE('',#916,#905,#539,.T.);
#1142=EDGE_CURVE('',#915,#909,#540,.T.);
#1143=EDGE_CURVE('',#917,#915,#541,.T.);
#1144=EDGE_CURVE('',#917,#908,#542,.T.);
#1145=EDGE_CURVE('',#918,#917,#543,.T.);
#1146=EDGE_CURVE('',#918,#907,#544,.T.);
#1147=EDGE_CURVE('',#919,#918,#545,.T.);
#1148=EDGE_CURVE('',#919,#906,#546,.T.);
#1149=EDGE_CURVE('',#916,#919,#547,.T.);
#1150=EDGE_CURVE('',#910,#920,#548,.T.);
#1151=EDGE_CURVE('',#920,#920,#437,.T.);
#1152=EDGE_CURVE('',#911,#921,#549,.T.);
#1153=EDGE_CURVE('',#921,#921,#438,.T.);
#1154=EDGE_CURVE('',#912,#922,#550,.T.);
#1155=EDGE_CURVE('',#922,#922,#439,.T.);
#1156=EDGE_CURVE('',#913,#923,#551,.T.);
#1157=EDGE_CURVE('',#923,#923,#440,.T.);
#1158=EDGE_CURVE('',#924,#896,#552,.T.);
#1159=EDGE_CURVE('',#924,#903,#441,.T.);
#1160=EDGE_CURVE('',#925,#894,#553,.T.);
#1161=EDGE_CURVE('',#925,#924,#554,.T.);
#1162=EDGE_CURVE('',#926,#892,#555,.T.);
#1163=EDGE_CURVE('',#926,#925,#442,.T.);
#1164=EDGE_CURVE('',#927,#890,#556,.T.);
#1165=EDGE_CURVE('',#927,#926,#557,.T.);
#1166=EDGE_CURVE('',#899,#927,#443,.T.);
#1167=EDGE_CURVE('',#928,#928,#444,.T.);
#1168=EDGE_CURVE('',#928,#929,#558,.T.);
#1169=EDGE_CURVE('',#929,#929,#445,.T.);
#1170=EDGE_CURVE('',#930,#931,#559,.T.);
#1171=EDGE_CURVE('',#931,#932,#560,.T.);
#1172=EDGE_CURVE('',#933,#932,#561,.T.);
#1173=EDGE_CURVE('',#930,#933,#562,.T.);
#1174=EDGE_CURVE('',#934,#930,#563,.T.);
#1175=EDGE_CURVE('',#935,#933,#564,.T.);
#1176=EDGE_CURVE('',#934,#935,#565,.T.);
#1177=EDGE_CURVE('',#936,#934,#566,.T.);
#1178=EDGE_CURVE('',#937,#935,#567,.T.);
#1179=EDGE_CURVE('',#936,#937,#568,.T.);
#1180=EDGE_CURVE('',#931,#936,#569,.T.);
#1181=EDGE_CURVE('',#932,#937,#570,.T.);
#1182=EDGE_CURVE('',#938,#938,#446,.T.);
#1183=EDGE_CURVE('',#938,#939,#571,.T.);
#1184=EDGE_CURVE('',#939,#939,#447,.T.);
#1185=EDGE_CURVE('',#940,#941,#572,.T.);
#1186=EDGE_CURVE('',#941,#942,#573,.T.);
#1187=EDGE_CURVE('',#943,#942,#574,.T.);
#1188=EDGE_CURVE('',#940,#943,#575,.T.);
#1189=EDGE_CURVE('',#944,#940,#576,.T.);
#1190=EDGE_CURVE('',#945,#943,#577,.T.);
#1191=EDGE_CURVE('',#944,#945,#578,.T.);
#1192=EDGE_CURVE('',#946,#944,#579,.T.);
#1193=EDGE_CURVE('',#947,#945,#580,.T.);
#1194=EDGE_CURVE('',#946,#947,#581,.T.);
#1195=EDGE_CURVE('',#941,#946,#582,.T.);
#1196=EDGE_CURVE('',#942,#947,#583,.T.);
#1197=EDGE_CURVE('',#948,#948,#448,.T.);
#1198=EDGE_CURVE('',#948,#949,#584,.T.);
#1199=EDGE_CURVE('',#949,#949,#449,.T.);
#1200=EDGE_CURVE('',#950,#950,#450,.T.);
#1201=EDGE_CURVE('',#950,#951,#585,.T.);
#1202=EDGE_CURVE('',#951,#951,#451,.T.);
#1203=EDGE_CURVE('',#952,#953,#586,.T.);
#1204=EDGE_CURVE('',#953,#954,#587,.T.);
#1205=EDGE_CURVE('',#955,#954,#588,.T.);
#1206=EDGE_CURVE('',#952,#955,#589,.T.);
#1207=EDGE_CURVE('',#956,#952,#590,.T.);
#1208=EDGE_CURVE('',#957,#955,#591,.T.);
#1209=EDGE_CURVE('',#956,#957,#592,.T.);
#1210=EDGE_CURVE('',#958,#956,#593,.T.);
#1211=EDGE_CURVE('',#959,#957,#594,.T.);
#1212=EDGE_CURVE('',#958,#959,#595,.T.);
#1213=EDGE_CURVE('',#953,#958,#596,.T.);
#1214=EDGE_CURVE('',#954,#959,#597,.T.);
#1215=EDGE_CURVE('',#960,#960,#452,.T.);
#1216=EDGE_CURVE('',#960,#961,#598,.T.);
#1217=EDGE_CURVE('',#961,#961,#453,.T.);
#1218=EDGE_CURVE('',#962,#963,#599,.T.);
#1219=EDGE_CURVE('',#963,#964,#600,.T.);
#1220=EDGE_CURVE('',#965,#964,#601,.T.);
#1221=EDGE_CURVE('',#962,#965,#602,.T.);
#1222=EDGE_CURVE('',#966,#962,#603,.T.);
#1223=EDGE_CURVE('',#967,#965,#604,.T.);
#1224=EDGE_CURVE('',#966,#967,#605,.T.);
#1225=EDGE_CURVE('',#968,#966,#606,.T.);
#1226=EDGE_CURVE('',#969,#967,#607,.T.);
#1227=EDGE_CURVE('',#968,#969,#608,.T.);
#1228=EDGE_CURVE('',#963,#968,#609,.T.);
#1229=EDGE_CURVE('',#964,#969,#610,.T.);
#1230=EDGE_CURVE('',#970,#971,#611,.T.);
#1231=EDGE_CURVE('',#971,#972,#612,.T.);
#1232=EDGE_CURVE('',#973,#972,#613,.T.);
#1233=EDGE_CURVE('',#970,#973,#614,.T.);
#1234=EDGE_CURVE('',#974,#970,#615,.T.);
#1235=EDGE_CURVE('',#975,#973,#616,.T.);
#1236=EDGE_CURVE('',#974,#975,#617,.T.);
#1237=EDGE_CURVE('',#976,#974,#618,.T.);
#1238=EDGE_CURVE('',#977,#975,#619,.T.);
#1239=EDGE_CURVE('',#976,#977,#620,.T.);
#1240=EDGE_CURVE('',#971,#976,#621,.T.);
#1241=EDGE_CURVE('',#972,#977,#622,.T.);
#1242=EDGE_CURVE('',#978,#979,#623,.T.);
#1243=EDGE_CURVE('',#978,#980,#624,.T.);
#1244=EDGE_CURVE('',#981,#980,#625,.T.);
#1245=EDGE_CURVE('',#979,#981,#626,.T.);
#1246=EDGE_CURVE('',#982,#979,#454,.T.);
#1247=EDGE_CURVE('',#983,#981,#455,.T.);
#1248=EDGE_CURVE('',#982,#983,#627,.T.);
#1249=EDGE_CURVE('',#982,#984,#628,.T.);
#1250=EDGE_CURVE('',#985,#983,#629,.T.);
#1251=EDGE_CURVE('',#984,#985,#630,.T.);
#1252=EDGE_CURVE('',#986,#984,#456,.T.);
#1253=EDGE_CURVE('',#987,#985,#457,.T.);
#1254=EDGE_CURVE('',#986,#987,#631,.T.);
#1255=EDGE_CURVE('',#986,#988,#632,.T.);
#1256=EDGE_CURVE('',#989,#987,#633,.T.);
#1257=EDGE_CURVE('',#988,#989,#634,.T.);
#1258=EDGE_CURVE('',#990,#988,#458,.T.);
#1259=EDGE_CURVE('',#991,#989,#459,.T.);
#1260=EDGE_CURVE('',#990,#991,#635,.T.);
#1261=EDGE_CURVE('',#992,#990,#636,.T.);
#1262=EDGE_CURVE('',#993,#991,#637,.T.);
#1263=EDGE_CURVE('',#992,#993,#638,.T.);
#1264=EDGE_CURVE('',#994,#992,#460,.T.);
#1265=EDGE_CURVE('',#995,#993,#461,.T.);
#1266=EDGE_CURVE('',#994,#995,#639,.T.);
#1267=EDGE_CURVE('',#996,#994,#640,.T.);
#1268=EDGE_CURVE('',#997,#995,#641,.T.);
#1269=EDGE_CURVE('',#996,#997,#642,.T.);
#1270=EDGE_CURVE('',#978,#996,#462,.T.);
#1271=EDGE_CURVE('',#980,#997,#463,.T.);
#1272=ORIENTED_EDGE('',*,*,#998,.F.);
#1273=ORIENTED_EDGE('',*,*,#999,.F.);
#1274=ORIENTED_EDGE('',*,*,#1000,.F.);
#1275=ORIENTED_EDGE('',*,*,#1001,.F.);
#1276=ORIENTED_EDGE('',*,*,#1001,.T.);
#1277=ORIENTED_EDGE('',*,*,#1002,.F.);
#1278=ORIENTED_EDGE('',*,*,#1003,.F.);
#1279=ORIENTED_EDGE('',*,*,#1004,.F.);
#1280=ORIENTED_EDGE('',*,*,#1005,.T.);
#1281=ORIENTED_EDGE('',*,*,#1006,.F.);
#1282=ORIENTED_EDGE('',*,*,#1007,.T.);
#1283=ORIENTED_EDGE('',*,*,#1008,.T.);
#1284=ORIENTED_EDGE('',*,*,#1009,.T.);
#1285=ORIENTED_EDGE('',*,*,#1010,.T.);
#1286=ORIENTED_EDGE('',*,*,#1011,.T.);
#1287=ORIENTED_EDGE('',*,*,#1012,.T.);
#1288=ORIENTED_EDGE('',*,*,#1009,.F.);
#1289=ORIENTED_EDGE('',*,*,#1013,.T.);
#1290=ORIENTED_EDGE('',*,*,#1014,.T.);
#1291=ORIENTED_EDGE('',*,*,#1015,.T.);
#1292=ORIENTED_EDGE('',*,*,#1011,.F.);
#1293=ORIENTED_EDGE('',*,*,#1016,.T.);
#1294=ORIENTED_EDGE('',*,*,#1017,.T.);
#1295=ORIENTED_EDGE('',*,*,#1018,.T.);
#1296=ORIENTED_EDGE('',*,*,#1014,.F.);
#1297=ORIENTED_EDGE('',*,*,#1019,.T.);
#1298=ORIENTED_EDGE('',*,*,#1020,.T.);
#1299=ORIENTED_EDGE('',*,*,#1021,.T.);
#1300=ORIENTED_EDGE('',*,*,#1022,.T.);
#1301=ORIENTED_EDGE('',*,*,#1023,.T.);
#1302=ORIENTED_EDGE('',*,*,#1024,.T.);
#1303=ORIENTED_EDGE('',*,*,#1017,.F.);
#1304=ORIENTED_EDGE('',*,*,#1025,.T.);
#1305=ORIENTED_EDGE('',*,*,#1026,.T.);
#1306=ORIENTED_EDGE('',*,*,#1027,.T.);
#1307=ORIENTED_EDGE('',*,*,#1023,.F.);
#1308=ORIENTED_EDGE('',*,*,#1028,.T.);
#1309=ORIENTED_EDGE('',*,*,#1029,.T.);
#1310=ORIENTED_EDGE('',*,*,#1030,.T.);
#1311=ORIENTED_EDGE('',*,*,#1026,.F.);
#1312=ORIENTED_EDGE('',*,*,#1031,.T.);
#1313=ORIENTED_EDGE('',*,*,#1032,.T.);
#1314=ORIENTED_EDGE('',*,*,#1033,.T.);
#1315=ORIENTED_EDGE('',*,*,#1029,.F.);
#1316=ORIENTED_EDGE('',*,*,#1034,.T.);
#1317=ORIENTED_EDGE('',*,*,#1035,.T.);
#1318=ORIENTED_EDGE('',*,*,#1036,.T.);
#1319=ORIENTED_EDGE('',*,*,#1032,.F.);
#1320=ORIENTED_EDGE('',*,*,#1037,.T.);
#1321=ORIENTED_EDGE('',*,*,#1007,.F.);
#1322=ORIENTED_EDGE('',*,*,#1038,.T.);
#1323=ORIENTED_EDGE('',*,*,#1035,.F.);
#1324=ORIENTED_EDGE('',*,*,#1039,.T.);
#1325=ORIENTED_EDGE('',*,*,#1030,.F.);
#1326=ORIENTED_EDGE('',*,*,#1040,.T.);
#1327=ORIENTED_EDGE('',*,*,#1041,.F.);
#1328=ORIENTED_EDGE('',*,*,#1042,.F.);
#1329=ORIENTED_EDGE('',*,*,#1033,.F.);
#1330=ORIENTED_EDGE('',*,*,#1043,.T.);
#1331=ORIENTED_EDGE('',*,*,#1044,.F.);
#1332=ORIENTED_EDGE('',*,*,#1040,.F.);
#1333=ORIENTED_EDGE('',*,*,#1036,.F.);
#1334=ORIENTED_EDGE('',*,*,#1045,.T.);
#1335=ORIENTED_EDGE('',*,*,#1046,.F.);
#1336=ORIENTED_EDGE('',*,*,#1043,.F.);
#1337=ORIENTED_EDGE('',*,*,#1038,.F.);
#1338=ORIENTED_EDGE('',*,*,#1047,.T.);
#1339=ORIENTED_EDGE('',*,*,#1048,.F.);
#1340=ORIENTED_EDGE('',*,*,#1045,.F.);
#1341=ORIENTED_EDGE('',*,*,#1010,.F.);
#1342=ORIENTED_EDGE('',*,*,#1049,.T.);
#1343=ORIENTED_EDGE('',*,*,#1050,.F.);
#1344=ORIENTED_EDGE('',*,*,#1047,.F.);
#1345=ORIENTED_EDGE('',*,*,#1051,.F.);
#1346=ORIENTED_EDGE('',*,*,#1052,.T.);
#1347=ORIENTED_EDGE('',*,*,#1020,.F.);
#1348=ORIENTED_EDGE('',*,*,#1053,.T.);
#1349=ORIENTED_EDGE('',*,*,#1021,.F.);
#1350=ORIENTED_EDGE('',*,*,#1052,.F.);
#1351=ORIENTED_EDGE('',*,*,#1054,.F.);
#1352=ORIENTED_EDGE('',*,*,#1055,.T.);
#1353=ORIENTED_EDGE('',*,*,#1056,.F.);
#1354=ORIENTED_EDGE('',*,*,#1057,.F.);
#1355=ORIENTED_EDGE('',*,*,#1058,.F.);
#1356=ORIENTED_EDGE('',*,*,#1059,.T.);
#1357=ORIENTED_EDGE('',*,*,#1060,.F.);
#1358=ORIENTED_EDGE('',*,*,#1055,.F.);
#1359=ORIENTED_EDGE('',*,*,#1061,.F.);
#1360=ORIENTED_EDGE('',*,*,#1062,.T.);
#1361=ORIENTED_EDGE('',*,*,#1063,.T.);
#1362=ORIENTED_EDGE('',*,*,#1062,.F.);
#1363=ORIENTED_EDGE('',*,*,#1064,.F.);
#1364=ORIENTED_EDGE('',*,*,#1065,.T.);
#1365=ORIENTED_EDGE('',*,*,#1066,.T.);
#1366=ORIENTED_EDGE('',*,*,#1065,.F.);
#1367=ORIENTED_EDGE('',*,*,#1067,.F.);
#1368=ORIENTED_EDGE('',*,*,#1068,.T.);
#1369=ORIENTED_EDGE('',*,*,#1069,.T.);
#1370=ORIENTED_EDGE('',*,*,#1068,.F.);
#1371=ORIENTED_EDGE('',*,*,#1070,.F.);
#1372=ORIENTED_EDGE('',*,*,#1057,.T.);
#1373=ORIENTED_EDGE('',*,*,#1071,.F.);
#1374=ORIENTED_EDGE('',*,*,#1005,.F.);
#1375=ORIENTED_EDGE('',*,*,#1072,.F.);
#1376=ORIENTED_EDGE('',*,*,#1003,.T.);
#1377=ORIENTED_EDGE('',*,*,#1073,.F.);
#1378=ORIENTED_EDGE('',*,*,#1059,.F.);
#1379=ORIENTED_EDGE('',*,*,#1074,.F.);
#1380=ORIENTED_EDGE('',*,*,#1075,.T.);
#1381=ORIENTED_EDGE('',*,*,#1076,.T.);
#1382=ORIENTED_EDGE('',*,*,#1075,.F.);
#1383=ORIENTED_EDGE('',*,*,#1027,.F.);
#1384=ORIENTED_EDGE('',*,*,#1042,.T.);
#1385=ORIENTED_EDGE('',*,*,#1077,.F.);
#1386=ORIENTED_EDGE('',*,*,#1078,.F.);
#1387=ORIENTED_EDGE('',*,*,#1024,.F.);
#1388=ORIENTED_EDGE('',*,*,#1078,.T.);
#1389=ORIENTED_EDGE('',*,*,#1079,.F.);
#1390=ORIENTED_EDGE('',*,*,#1080,.F.);
#1391=ORIENTED_EDGE('',*,*,#999,.T.);
#1392=ORIENTED_EDGE('',*,*,#1081,.F.);
#1393=ORIENTED_EDGE('',*,*,#1082,.F.);
#1394=ORIENTED_EDGE('',*,*,#1018,.F.);
#1395=ORIENTED_EDGE('',*,*,#1080,.T.);
#1396=ORIENTED_EDGE('',*,*,#1083,.F.);
#1397=ORIENTED_EDGE('',*,*,#1015,.F.);
#1398=ORIENTED_EDGE('',*,*,#1082,.T.);
#1399=ORIENTED_EDGE('',*,*,#1084,.F.);
#1400=ORIENTED_EDGE('',*,*,#1085,.F.);
#1401=ORIENTED_EDGE('',*,*,#1012,.F.);
#1402=ORIENTED_EDGE('',*,*,#1085,.T.);
#1403=ORIENTED_EDGE('',*,*,#1086,.F.);
#1404=ORIENTED_EDGE('',*,*,#1049,.F.);
#1405=ORIENTED_EDGE('',*,*,#998,.T.);
#1406=ORIENTED_EDGE('',*,*,#1006,.T.);
#1407=ORIENTED_EDGE('',*,*,#1071,.T.);
#1408=ORIENTED_EDGE('',*,*,#1056,.T.);
#1409=ORIENTED_EDGE('',*,*,#1060,.T.);
#1410=ORIENTED_EDGE('',*,*,#1073,.T.);
#1411=ORIENTED_EDGE('',*,*,#1002,.T.);
#1412=ORIENTED_EDGE('',*,*,#1000,.T.);
#1413=ORIENTED_EDGE('',*,*,#1083,.T.);
#1414=ORIENTED_EDGE('',*,*,#1079,.T.);
#1415=ORIENTED_EDGE('',*,*,#1077,.T.);
#1416=ORIENTED_EDGE('',*,*,#1041,.T.);
#1417=ORIENTED_EDGE('',*,*,#1044,.T.);
#1418=ORIENTED_EDGE('',*,*,#1046,.T.);
#1419=ORIENTED_EDGE('',*,*,#1048,.T.);
#1420=ORIENTED_EDGE('',*,*,#1050,.T.);
#1421=ORIENTED_EDGE('',*,*,#1086,.T.);
#1422=ORIENTED_EDGE('',*,*,#1084,.T.);
#1423=ORIENTED_EDGE('',*,*,#1081,.T.);
#1424=ORIENTED_EDGE('',*,*,#1074,.T.);
#1425=ORIENTED_EDGE('',*,*,#1067,.T.);
#1426=ORIENTED_EDGE('',*,*,#1051,.T.);
#1427=ORIENTED_EDGE('',*,*,#1064,.T.);
#1428=ORIENTED_EDGE('',*,*,#1061,.T.);
#1429=ORIENTED_EDGE('',*,*,#1058,.T.);
#1430=ORIENTED_EDGE('',*,*,#1054,.T.);
#1431=ORIENTED_EDGE('',*,*,#1070,.T.);
#1432=ORIENTED_EDGE('',*,*,#1004,.T.);
#1433=ORIENTED_EDGE('',*,*,#1072,.T.);
#1434=ORIENTED_EDGE('',*,*,#1022,.F.);
#1435=ORIENTED_EDGE('',*,*,#1053,.F.);
#1436=ORIENTED_EDGE('',*,*,#1025,.F.);
#1437=ORIENTED_EDGE('',*,*,#1019,.F.);
#1438=ORIENTED_EDGE('',*,*,#1016,.F.);
#1439=ORIENTED_EDGE('',*,*,#1013,.F.);
#1440=ORIENTED_EDGE('',*,*,#1008,.F.);
#1441=ORIENTED_EDGE('',*,*,#1039,.F.);
#1442=ORIENTED_EDGE('',*,*,#1037,.F.);
#1443=ORIENTED_EDGE('',*,*,#1034,.F.);
#1444=ORIENTED_EDGE('',*,*,#1031,.F.);
#1445=ORIENTED_EDGE('',*,*,#1028,.F.);
#1446=ORIENTED_EDGE('',*,*,#1063,.F.);
#1447=ORIENTED_EDGE('',*,*,#1066,.F.);
#1448=ORIENTED_EDGE('',*,*,#1069,.F.);
#1449=ORIENTED_EDGE('',*,*,#1076,.F.);
#1450=ORIENTED_EDGE('',*,*,#1087,.T.);
#1451=ORIENTED_EDGE('',*,*,#1088,.T.);
#1452=ORIENTED_EDGE('',*,*,#1089,.T.);
#1453=ORIENTED_EDGE('',*,*,#1090,.T.);
#1454=ORIENTED_EDGE('',*,*,#1091,.T.);
#1455=ORIENTED_EDGE('',*,*,#1092,.T.);
#1456=ORIENTED_EDGE('',*,*,#1089,.F.);
#1457=ORIENTED_EDGE('',*,*,#1093,.T.);
#1458=ORIENTED_EDGE('',*,*,#1094,.T.);
#1459=ORIENTED_EDGE('',*,*,#1095,.T.);
#1460=ORIENTED_EDGE('',*,*,#1091,.F.);
#1461=ORIENTED_EDGE('',*,*,#1096,.T.);
#1462=ORIENTED_EDGE('',*,*,#1097,.T.);
#1463=ORIENTED_EDGE('',*,*,#1098,.T.);
#1464=ORIENTED_EDGE('',*,*,#1094,.F.);
#1465=ORIENTED_EDGE('',*,*,#1099,.T.);
#1466=ORIENTED_EDGE('',*,*,#1100,.T.);
#1467=ORIENTED_EDGE('',*,*,#1101,.T.);
#1468=ORIENTED_EDGE('',*,*,#1097,.F.);
#1469=ORIENTED_EDGE('',*,*,#1102,.T.);
#1470=ORIENTED_EDGE('',*,*,#1103,.T.);
#1471=ORIENTED_EDGE('',*,*,#1104,.T.);
#1472=ORIENTED_EDGE('',*,*,#1100,.F.);
#1473=ORIENTED_EDGE('',*,*,#1105,.T.);
#1474=ORIENTED_EDGE('',*,*,#1106,.T.);
#1475=ORIENTED_EDGE('',*,*,#1107,.T.);
#1476=ORIENTED_EDGE('',*,*,#1103,.F.);
#1477=ORIENTED_EDGE('',*,*,#1108,.T.);
#1478=ORIENTED_EDGE('',*,*,#1109,.T.);
#1479=ORIENTED_EDGE('',*,*,#1110,.T.);
#1480=ORIENTED_EDGE('',*,*,#1106,.F.);
#1481=ORIENTED_EDGE('',*,*,#1111,.T.);
#1482=ORIENTED_EDGE('',*,*,#1112,.T.);
#1483=ORIENTED_EDGE('',*,*,#1113,.T.);
#1484=ORIENTED_EDGE('',*,*,#1109,.F.);
#1485=ORIENTED_EDGE('',*,*,#1114,.T.);
#1486=ORIENTED_EDGE('',*,*,#1087,.F.);
#1487=ORIENTED_EDGE('',*,*,#1115,.T.);
#1488=ORIENTED_EDGE('',*,*,#1112,.F.);
#1489=ORIENTED_EDGE('',*,*,#1116,.T.);
#1490=ORIENTED_EDGE('',*,*,#1102,.F.);
#1491=ORIENTED_EDGE('',*,*,#1117,.F.);
#1492=ORIENTED_EDGE('',*,*,#1118,.T.);
#1493=ORIENTED_EDGE('',*,*,#1119,.T.);
#1494=ORIENTED_EDGE('',*,*,#1099,.F.);
#1495=ORIENTED_EDGE('',*,*,#1120,.F.);
#1496=ORIENTED_EDGE('',*,*,#1121,.T.);
#1497=ORIENTED_EDGE('',*,*,#1117,.T.);
#1498=ORIENTED_EDGE('',*,*,#1096,.F.);
#1499=ORIENTED_EDGE('',*,*,#1122,.F.);
#1500=ORIENTED_EDGE('',*,*,#1123,.T.);
#1501=ORIENTED_EDGE('',*,*,#1120,.T.);
#1502=ORIENTED_EDGE('',*,*,#1093,.F.);
#1503=ORIENTED_EDGE('',*,*,#1124,.F.);
#1504=ORIENTED_EDGE('',*,*,#1125,.T.);
#1505=ORIENTED_EDGE('',*,*,#1122,.T.);
#1506=ORIENTED_EDGE('',*,*,#1088,.F.);
#1507=ORIENTED_EDGE('',*,*,#1126,.F.);
#1508=ORIENTED_EDGE('',*,*,#1127,.T.);
#1509=ORIENTED_EDGE('',*,*,#1124,.T.);
#1510=ORIENTED_EDGE('',*,*,#1090,.F.);
#1511=ORIENTED_EDGE('',*,*,#1092,.F.);
#1512=ORIENTED_EDGE('',*,*,#1095,.F.);
#1513=ORIENTED_EDGE('',*,*,#1098,.F.);
#1514=ORIENTED_EDGE('',*,*,#1101,.F.);
#1515=ORIENTED_EDGE('',*,*,#1104,.F.);
#1516=ORIENTED_EDGE('',*,*,#1107,.F.);
#1517=ORIENTED_EDGE('',*,*,#1110,.F.);
#1518=ORIENTED_EDGE('',*,*,#1113,.F.);
#1519=ORIENTED_EDGE('',*,*,#1115,.F.);
#1520=ORIENTED_EDGE('',*,*,#1128,.T.);
#1521=ORIENTED_EDGE('',*,*,#1129,.T.);
#1522=ORIENTED_EDGE('',*,*,#1130,.T.);
#1523=ORIENTED_EDGE('',*,*,#1131,.T.);
#1524=ORIENTED_EDGE('',*,*,#1132,.T.);
#1525=ORIENTED_EDGE('',*,*,#1133,.T.);
#1526=ORIENTED_EDGE('',*,*,#1134,.T.);
#1527=ORIENTED_EDGE('',*,*,#1135,.T.);
#1528=ORIENTED_EDGE('',*,*,#1136,.T.);
#1529=ORIENTED_EDGE('',*,*,#1137,.T.);
#1530=ORIENTED_EDGE('',*,*,#1128,.F.);
#1531=ORIENTED_EDGE('',*,*,#1138,.T.);
#1532=ORIENTED_EDGE('',*,*,#1139,.T.);
#1533=ORIENTED_EDGE('',*,*,#1138,.F.);
#1534=ORIENTED_EDGE('',*,*,#1140,.T.);
#1535=ORIENTED_EDGE('',*,*,#1141,.T.);
#1536=ORIENTED_EDGE('',*,*,#1133,.F.);
#1537=ORIENTED_EDGE('',*,*,#1142,.F.);
#1538=ORIENTED_EDGE('',*,*,#1143,.T.);
#1539=ORIENTED_EDGE('',*,*,#1142,.T.);
#1540=ORIENTED_EDGE('',*,*,#1132,.F.);
#1541=ORIENTED_EDGE('',*,*,#1144,.F.);
#1542=ORIENTED_EDGE('',*,*,#1145,.T.);
#1543=ORIENTED_EDGE('',*,*,#1144,.T.);
#1544=ORIENTED_EDGE('',*,*,#1131,.F.);
#1545=ORIENTED_EDGE('',*,*,#1146,.F.);
#1546=ORIENTED_EDGE('',*,*,#1147,.T.);
#1547=ORIENTED_EDGE('',*,*,#1146,.T.);
#1548=ORIENTED_EDGE('',*,*,#1130,.F.);
#1549=ORIENTED_EDGE('',*,*,#1148,.F.);
#1550=ORIENTED_EDGE('',*,*,#1149,.T.);
#1551=ORIENTED_EDGE('',*,*,#1148,.T.);
#1552=ORIENTED_EDGE('',*,*,#1129,.F.);
#1553=ORIENTED_EDGE('',*,*,#1141,.F.);
#1554=ORIENTED_EDGE('',*,*,#1134,.F.);
#1555=ORIENTED_EDGE('',*,*,#1150,.T.);
#1556=ORIENTED_EDGE('',*,*,#1151,.T.);
#1557=ORIENTED_EDGE('',*,*,#1150,.F.);
#1558=ORIENTED_EDGE('',*,*,#1135,.F.);
#1559=ORIENTED_EDGE('',*,*,#1152,.T.);
#1560=ORIENTED_EDGE('',*,*,#1153,.T.);
#1561=ORIENTED_EDGE('',*,*,#1152,.F.);
#1562=ORIENTED_EDGE('',*,*,#1136,.F.);
#1563=ORIENTED_EDGE('',*,*,#1154,.T.);
#1564=ORIENTED_EDGE('',*,*,#1155,.T.);
#1565=ORIENTED_EDGE('',*,*,#1154,.F.);
#1566=ORIENTED_EDGE('',*,*,#1137,.F.);
#1567=ORIENTED_EDGE('',*,*,#1156,.T.);
#1568=ORIENTED_EDGE('',*,*,#1157,.T.);
#1569=ORIENTED_EDGE('',*,*,#1156,.F.);
#1570=ORIENTED_EDGE('',*,*,#1116,.F.);
#1571=ORIENTED_EDGE('',*,*,#1158,.F.);
#1572=ORIENTED_EDGE('',*,*,#1159,.T.);
#1573=ORIENTED_EDGE('',*,*,#1126,.T.);
#1574=ORIENTED_EDGE('',*,*,#1114,.F.);
#1575=ORIENTED_EDGE('',*,*,#1160,.F.);
#1576=ORIENTED_EDGE('',*,*,#1161,.T.);
#1577=ORIENTED_EDGE('',*,*,#1158,.T.);
#1578=ORIENTED_EDGE('',*,*,#1111,.F.);
#1579=ORIENTED_EDGE('',*,*,#1162,.F.);
#1580=ORIENTED_EDGE('',*,*,#1163,.T.);
#1581=ORIENTED_EDGE('',*,*,#1160,.T.);
#1582=ORIENTED_EDGE('',*,*,#1108,.F.);
#1583=ORIENTED_EDGE('',*,*,#1164,.F.);
#1584=ORIENTED_EDGE('',*,*,#1165,.T.);
#1585=ORIENTED_EDGE('',*,*,#1162,.T.);
#1586=ORIENTED_EDGE('',*,*,#1105,.F.);
#1587=ORIENTED_EDGE('',*,*,#1119,.F.);
#1588=ORIENTED_EDGE('',*,*,#1166,.T.);
#1589=ORIENTED_EDGE('',*,*,#1164,.T.);
#1590=ORIENTED_EDGE('',*,*,#1166,.F.);
#1591=ORIENTED_EDGE('',*,*,#1118,.F.);
#1592=ORIENTED_EDGE('',*,*,#1121,.F.);
#1593=ORIENTED_EDGE('',*,*,#1123,.F.);
#1594=ORIENTED_EDGE('',*,*,#1125,.F.);
#1595=ORIENTED_EDGE('',*,*,#1127,.F.);
#1596=ORIENTED_EDGE('',*,*,#1159,.F.);
#1597=ORIENTED_EDGE('',*,*,#1161,.F.);
#1598=ORIENTED_EDGE('',*,*,#1163,.F.);
#1599=ORIENTED_EDGE('',*,*,#1165,.F.);
#1600=ORIENTED_EDGE('',*,*,#1157,.F.);
#1601=ORIENTED_EDGE('',*,*,#1155,.F.);
#1602=ORIENTED_EDGE('',*,*,#1153,.F.);
#1603=ORIENTED_EDGE('',*,*,#1151,.F.);
#1604=ORIENTED_EDGE('',*,*,#1149,.F.);
#1605=ORIENTED_EDGE('',*,*,#1140,.F.);
#1606=ORIENTED_EDGE('',*,*,#1143,.F.);
#1607=ORIENTED_EDGE('',*,*,#1145,.F.);
#1608=ORIENTED_EDGE('',*,*,#1147,.F.);
#1609=ORIENTED_EDGE('',*,*,#1139,.F.);
#1610=ORIENTED_EDGE('',*,*,#1167,.F.);
#1611=ORIENTED_EDGE('',*,*,#1168,.T.);
#1612=ORIENTED_EDGE('',*,*,#1169,.T.);
#1613=ORIENTED_EDGE('',*,*,#1168,.F.);
#1614=ORIENTED_EDGE('',*,*,#1170,.T.);
#1615=ORIENTED_EDGE('',*,*,#1171,.T.);
#1616=ORIENTED_EDGE('',*,*,#1172,.F.);
#1617=ORIENTED_EDGE('',*,*,#1173,.F.);
#1618=ORIENTED_EDGE('',*,*,#1174,.T.);
#1619=ORIENTED_EDGE('',*,*,#1173,.T.);
#1620=ORIENTED_EDGE('',*,*,#1175,.F.);
#1621=ORIENTED_EDGE('',*,*,#1176,.F.);
#1622=ORIENTED_EDGE('',*,*,#1177,.T.);
#1623=ORIENTED_EDGE('',*,*,#1176,.T.);
#1624=ORIENTED_EDGE('',*,*,#1178,.F.);
#1625=ORIENTED_EDGE('',*,*,#1179,.F.);
#1626=ORIENTED_EDGE('',*,*,#1180,.T.);
#1627=ORIENTED_EDGE('',*,*,#1179,.T.);
#1628=ORIENTED_EDGE('',*,*,#1181,.F.);
#1629=ORIENTED_EDGE('',*,*,#1171,.F.);
#1630=ORIENTED_EDGE('',*,*,#1182,.F.);
#1631=ORIENTED_EDGE('',*,*,#1183,.T.);
#1632=ORIENTED_EDGE('',*,*,#1184,.T.);
#1633=ORIENTED_EDGE('',*,*,#1183,.F.);
#1634=ORIENTED_EDGE('',*,*,#1185,.T.);
#1635=ORIENTED_EDGE('',*,*,#1186,.T.);
#1636=ORIENTED_EDGE('',*,*,#1187,.F.);
#1637=ORIENTED_EDGE('',*,*,#1188,.F.);
#1638=ORIENTED_EDGE('',*,*,#1189,.T.);
#1639=ORIENTED_EDGE('',*,*,#1188,.T.);
#1640=ORIENTED_EDGE('',*,*,#1190,.F.);
#1641=ORIENTED_EDGE('',*,*,#1191,.F.);
#1642=ORIENTED_EDGE('',*,*,#1192,.T.);
#1643=ORIENTED_EDGE('',*,*,#1191,.T.);
#1644=ORIENTED_EDGE('',*,*,#1193,.F.);
#1645=ORIENTED_EDGE('',*,*,#1194,.F.);
#1646=ORIENTED_EDGE('',*,*,#1195,.T.);
#1647=ORIENTED_EDGE('',*,*,#1194,.T.);
#1648=ORIENTED_EDGE('',*,*,#1196,.F.);
#1649=ORIENTED_EDGE('',*,*,#1186,.F.);
#1650=ORIENTED_EDGE('',*,*,#1197,.F.);
#1651=ORIENTED_EDGE('',*,*,#1198,.T.);
#1652=ORIENTED_EDGE('',*,*,#1199,.T.);
#1653=ORIENTED_EDGE('',*,*,#1198,.F.);
#1654=ORIENTED_EDGE('',*,*,#1200,.F.);
#1655=ORIENTED_EDGE('',*,*,#1201,.T.);
#1656=ORIENTED_EDGE('',*,*,#1202,.T.);
#1657=ORIENTED_EDGE('',*,*,#1201,.F.);
#1658=ORIENTED_EDGE('',*,*,#1203,.T.);
#1659=ORIENTED_EDGE('',*,*,#1204,.T.);
#1660=ORIENTED_EDGE('',*,*,#1205,.F.);
#1661=ORIENTED_EDGE('',*,*,#1206,.F.);
#1662=ORIENTED_EDGE('',*,*,#1207,.T.);
#1663=ORIENTED_EDGE('',*,*,#1206,.T.);
#1664=ORIENTED_EDGE('',*,*,#1208,.F.);
#1665=ORIENTED_EDGE('',*,*,#1209,.F.);
#1666=ORIENTED_EDGE('',*,*,#1210,.T.);
#1667=ORIENTED_EDGE('',*,*,#1209,.T.);
#1668=ORIENTED_EDGE('',*,*,#1211,.F.);
#1669=ORIENTED_EDGE('',*,*,#1212,.F.);
#1670=ORIENTED_EDGE('',*,*,#1213,.T.);
#1671=ORIENTED_EDGE('',*,*,#1212,.T.);
#1672=ORIENTED_EDGE('',*,*,#1214,.F.);
#1673=ORIENTED_EDGE('',*,*,#1204,.F.);
#1674=ORIENTED_EDGE('',*,*,#1215,.F.);
#1675=ORIENTED_EDGE('',*,*,#1216,.T.);
#1676=ORIENTED_EDGE('',*,*,#1217,.T.);
#1677=ORIENTED_EDGE('',*,*,#1216,.F.);
#1678=ORIENTED_EDGE('',*,*,#1218,.T.);
#1679=ORIENTED_EDGE('',*,*,#1219,.T.);
#1680=ORIENTED_EDGE('',*,*,#1220,.F.);
#1681=ORIENTED_EDGE('',*,*,#1221,.F.);
#1682=ORIENTED_EDGE('',*,*,#1222,.T.);
#1683=ORIENTED_EDGE('',*,*,#1221,.T.);
#1684=ORIENTED_EDGE('',*,*,#1223,.F.);
#1685=ORIENTED_EDGE('',*,*,#1224,.F.);
#1686=ORIENTED_EDGE('',*,*,#1225,.T.);
#1687=ORIENTED_EDGE('',*,*,#1224,.T.);
#1688=ORIENTED_EDGE('',*,*,#1226,.F.);
#1689=ORIENTED_EDGE('',*,*,#1227,.F.);
#1690=ORIENTED_EDGE('',*,*,#1228,.T.);
#1691=ORIENTED_EDGE('',*,*,#1227,.T.);
#1692=ORIENTED_EDGE('',*,*,#1229,.F.);
#1693=ORIENTED_EDGE('',*,*,#1219,.F.);
#1694=ORIENTED_EDGE('',*,*,#1230,.T.);
#1695=ORIENTED_EDGE('',*,*,#1231,.T.);
#1696=ORIENTED_EDGE('',*,*,#1232,.F.);
#1697=ORIENTED_EDGE('',*,*,#1233,.F.);
#1698=ORIENTED_EDGE('',*,*,#1234,.T.);
#1699=ORIENTED_EDGE('',*,*,#1233,.T.);
#1700=ORIENTED_EDGE('',*,*,#1235,.F.);
#1701=ORIENTED_EDGE('',*,*,#1236,.F.);
#1702=ORIENTED_EDGE('',*,*,#1237,.T.);
#1703=ORIENTED_EDGE('',*,*,#1236,.T.);
#1704=ORIENTED_EDGE('',*,*,#1238,.F.);
#1705=ORIENTED_EDGE('',*,*,#1239,.F.);
#1706=ORIENTED_EDGE('',*,*,#1240,.T.);
#1707=ORIENTED_EDGE('',*,*,#1239,.T.);
#1708=ORIENTED_EDGE('',*,*,#1241,.F.);
#1709=ORIENTED_EDGE('',*,*,#1231,.F.);
#1710=ORIENTED_EDGE('',*,*,#1242,.F.);
#1711=ORIENTED_EDGE('',*,*,#1243,.T.);
#1712=ORIENTED_EDGE('',*,*,#1244,.F.);
#1713=ORIENTED_EDGE('',*,*,#1245,.F.);
#1714=ORIENTED_EDGE('',*,*,#1246,.T.);
#1715=ORIENTED_EDGE('',*,*,#1245,.T.);
#1716=ORIENTED_EDGE('',*,*,#1247,.F.);
#1717=ORIENTED_EDGE('',*,*,#1248,.F.);
#1718=ORIENTED_EDGE('',*,*,#1249,.F.);
#1719=ORIENTED_EDGE('',*,*,#1248,.T.);
#1720=ORIENTED_EDGE('',*,*,#1250,.F.);
#1721=ORIENTED_EDGE('',*,*,#1251,.F.);
#1722=ORIENTED_EDGE('',*,*,#1252,.T.);
#1723=ORIENTED_EDGE('',*,*,#1251,.T.);
#1724=ORIENTED_EDGE('',*,*,#1253,.F.);
#1725=ORIENTED_EDGE('',*,*,#1254,.F.);
#1726=ORIENTED_EDGE('',*,*,#1255,.F.);
#1727=ORIENTED_EDGE('',*,*,#1254,.T.);
#1728=ORIENTED_EDGE('',*,*,#1256,.F.);
#1729=ORIENTED_EDGE('',*,*,#1257,.F.);
#1730=ORIENTED_EDGE('',*,*,#1258,.T.);
#1731=ORIENTED_EDGE('',*,*,#1257,.T.);
#1732=ORIENTED_EDGE('',*,*,#1259,.F.);
#1733=ORIENTED_EDGE('',*,*,#1260,.F.);
#1734=ORIENTED_EDGE('',*,*,#1261,.T.);
#1735=ORIENTED_EDGE('',*,*,#1260,.T.);
#1736=ORIENTED_EDGE('',*,*,#1262,.F.);
#1737=ORIENTED_EDGE('',*,*,#1263,.F.);
#1738=ORIENTED_EDGE('',*,*,#1264,.T.);
#1739=ORIENTED_EDGE('',*,*,#1263,.T.);
#1740=ORIENTED_EDGE('',*,*,#1265,.F.);
#1741=ORIENTED_EDGE('',*,*,#1266,.F.);
#1742=ORIENTED_EDGE('',*,*,#1267,.T.);
#1743=ORIENTED_EDGE('',*,*,#1266,.T.);
#1744=ORIENTED_EDGE('',*,*,#1268,.F.);
#1745=ORIENTED_EDGE('',*,*,#1269,.F.);
#1746=ORIENTED_EDGE('',*,*,#1270,.T.);
#1747=ORIENTED_EDGE('',*,*,#1269,.T.);
#1748=ORIENTED_EDGE('',*,*,#1271,.F.);
#1749=ORIENTED_EDGE('',*,*,#1243,.F.);
#1750=ORIENTED_EDGE('',*,*,#1271,.T.);
#1751=ORIENTED_EDGE('',*,*,#1268,.T.);
#1752=ORIENTED_EDGE('',*,*,#1265,.T.);
#1753=ORIENTED_EDGE('',*,*,#1262,.T.);
#1754=ORIENTED_EDGE('',*,*,#1259,.T.);
#1755=ORIENTED_EDGE('',*,*,#1256,.T.);
#1756=ORIENTED_EDGE('',*,*,#1253,.T.);
#1757=ORIENTED_EDGE('',*,*,#1250,.T.);
#1758=ORIENTED_EDGE('',*,*,#1247,.T.);
#1759=ORIENTED_EDGE('',*,*,#1244,.T.);
#1760=ORIENTED_EDGE('',*,*,#1241,.T.);
#1761=ORIENTED_EDGE('',*,*,#1238,.T.);
#1762=ORIENTED_EDGE('',*,*,#1235,.T.);
#1763=ORIENTED_EDGE('',*,*,#1232,.T.);
#1764=ORIENTED_EDGE('',*,*,#1229,.T.);
#1765=ORIENTED_EDGE('',*,*,#1226,.T.);
#1766=ORIENTED_EDGE('',*,*,#1223,.T.);
#1767=ORIENTED_EDGE('',*,*,#1220,.T.);
#1768=ORIENTED_EDGE('',*,*,#1215,.T.);
#1769=ORIENTED_EDGE('',*,*,#1214,.T.);
#1770=ORIENTED_EDGE('',*,*,#1211,.T.);
#1771=ORIENTED_EDGE('',*,*,#1208,.T.);
#1772=ORIENTED_EDGE('',*,*,#1205,.T.);
#1773=ORIENTED_EDGE('',*,*,#1200,.T.);
#1774=ORIENTED_EDGE('',*,*,#1197,.T.);
#1775=ORIENTED_EDGE('',*,*,#1196,.T.);
#1776=ORIENTED_EDGE('',*,*,#1193,.T.);
#1777=ORIENTED_EDGE('',*,*,#1190,.T.);
#1778=ORIENTED_EDGE('',*,*,#1187,.T.);
#1779=ORIENTED_EDGE('',*,*,#1182,.T.);
#1780=ORIENTED_EDGE('',*,*,#1181,.T.);
#1781=ORIENTED_EDGE('',*,*,#1178,.T.);
#1782=ORIENTED_EDGE('',*,*,#1175,.T.);
#1783=ORIENTED_EDGE('',*,*,#1172,.T.);
#1784=ORIENTED_EDGE('',*,*,#1167,.T.);
#1785=ORIENTED_EDGE('',*,*,#1270,.F.);
#1786=ORIENTED_EDGE('',*,*,#1242,.T.);
#1787=ORIENTED_EDGE('',*,*,#1246,.F.);
#1788=ORIENTED_EDGE('',*,*,#1249,.T.);
#1789=ORIENTED_EDGE('',*,*,#1252,.F.);
#1790=ORIENTED_EDGE('',*,*,#1255,.T.);
#1791=ORIENTED_EDGE('',*,*,#1258,.F.);
#1792=ORIENTED_EDGE('',*,*,#1261,.F.);
#1793=ORIENTED_EDGE('',*,*,#1264,.F.);
#1794=ORIENTED_EDGE('',*,*,#1267,.F.);
#1795=ORIENTED_EDGE('',*,*,#1240,.F.);
#1796=ORIENTED_EDGE('',*,*,#1230,.F.);
#1797=ORIENTED_EDGE('',*,*,#1234,.F.);
#1798=ORIENTED_EDGE('',*,*,#1237,.F.);
#1799=ORIENTED_EDGE('',*,*,#1228,.F.);
#1800=ORIENTED_EDGE('',*,*,#1218,.F.);
#1801=ORIENTED_EDGE('',*,*,#1222,.F.);
#1802=ORIENTED_EDGE('',*,*,#1225,.F.);
#1803=ORIENTED_EDGE('',*,*,#1217,.F.);
#1804=ORIENTED_EDGE('',*,*,#1213,.F.);
#1805=ORIENTED_EDGE('',*,*,#1203,.F.);
#1806=ORIENTED_EDGE('',*,*,#1207,.F.);
#1807=ORIENTED_EDGE('',*,*,#1210,.F.);
#1808=ORIENTED_EDGE('',*,*,#1202,.F.);
#1809=ORIENTED_EDGE('',*,*,#1199,.F.);
#1810=ORIENTED_EDGE('',*,*,#1195,.F.);
#1811=ORIENTED_EDGE('',*,*,#1185,.F.);
#1812=ORIENTED_EDGE('',*,*,#1189,.F.);
#1813=ORIENTED_EDGE('',*,*,#1192,.F.);
#1814=ORIENTED_EDGE('',*,*,#1184,.F.);
#1815=ORIENTED_EDGE('',*,*,#1180,.F.);
#1816=ORIENTED_EDGE('',*,*,#1170,.F.);
#1817=ORIENTED_EDGE('',*,*,#1174,.F.);
#1818=ORIENTED_EDGE('',*,*,#1177,.F.);
#1819=ORIENTED_EDGE('',*,*,#1169,.F.);
#1820=CYLINDRICAL_SURFACE('',#1980,9.);
#1821=CYLINDRICAL_SURFACE('',#1989,3.);
#1822=CYLINDRICAL_SURFACE('',#1995,3.);
#1823=CYLINDRICAL_SURFACE('',#2002,3.);
#1824=CYLINDRICAL_SURFACE('',#2008,3.);
#1825=CYLINDRICAL_SURFACE('',#2014,3.);
#1826=CYLINDRICAL_SURFACE('',#2015,9.99999999999999);
#1827=CYLINDRICAL_SURFACE('',#2018,9.99999999999999);
#1828=CYLINDRICAL_SURFACE('',#2021,10.0000000000001);
#1829=CYLINDRICAL_SURFACE('',#2023,1.45);
#1830=CYLINDRICAL_SURFACE('',#2028,1.45);
#1831=CYLINDRICAL_SURFACE('',#2031,1.45);
#1832=CYLINDRICAL_SURFACE('',#2034,1.45);
#1833=CYLINDRICAL_SURFACE('',#2039,1.45);
#1834=CYLINDRICAL_SURFACE('',#2043,9.99999999999999);
#1835=CYLINDRICAL_SURFACE('',#2046,9.99999999999989);
#1836=CYLINDRICAL_SURFACE('',#2052,1.);
#1837=CYLINDRICAL_SURFACE('',#2059,1.);
#1838=CYLINDRICAL_SURFACE('',#2065,1.);
#1839=CYLINDRICAL_SURFACE('',#2071,1.);
#1840=CYLINDRICAL_SURFACE('',#2077,1.);
#1841=CYLINDRICAL_SURFACE('',#2083,10.0000000000002);
#1842=CYLINDRICAL_SURFACE('',#2086,10.0000000000001);
#1843=CYLINDRICAL_SURFACE('',#2095,1.45000000000001);
#1844=CYLINDRICAL_SURFACE('',#2102,1.45);
#1845=CYLINDRICAL_SURFACE('',#2104,1.45);
#1846=CYLINDRICAL_SURFACE('',#2106,1.45);
#1847=CYLINDRICAL_SURFACE('',#2108,1.45);
#1848=CYLINDRICAL_SURFACE('',#2110,9.99999999999999);
#1849=CYLINDRICAL_SURFACE('',#2113,9.99999999999998);
#1850=CYLINDRICAL_SURFACE('',#2116,10.);
#1851=CYLINDRICAL_SURFACE('',#2119,1.45);
#1852=CYLINDRICAL_SURFACE('',#2126,1.45000000000001);
#1853=CYLINDRICAL_SURFACE('',#2133,1.45);
#1854=CYLINDRICAL_SURFACE('',#2136,1.45);
#1855=CYLINDRICAL_SURFACE('',#2143,1.45);
#1856=CYLINDRICAL_SURFACE('',#2155,10.6880007301569);
#1857=CYLINDRICAL_SURFACE('',#2159,9.99999999999993);
#1858=CYLINDRICAL_SURFACE('',#2163,10.0687972685004);
#1859=CYLINDRICAL_SURFACE('',#2167,9.99999999999999);
#1860=CYLINDRICAL_SURFACE('',#2171,9.99999999999999);
#1861=ADVANCED_FACE('',(#124),#1820,.F.);
#1862=ADVANCED_FACE('',(#125),#72,.T.);
#1863=ADVANCED_FACE('',(#126),#62,.T.);
#1864=ADVANCED_FACE('',(#127),#1821,.T.);
#1865=ADVANCED_FACE('',(#128),#63,.T.);
#1866=ADVANCED_FACE('',(#129),#1822,.T.);
#1867=ADVANCED_FACE('',(#130),#64,.T.);
#1868=ADVANCED_FACE('',(#131),#1823,.T.);
#1869=ADVANCED_FACE('',(#132),#65,.T.);
#1870=ADVANCED_FACE('',(#133),#1824,.T.);
#1871=ADVANCED_FACE('',(#134),#66,.T.);
#1872=ADVANCED_FACE('',(#135),#1825,.T.);
#1873=ADVANCED_FACE('',(#136),#1826,.T.);
#1874=ADVANCED_FACE('',(#137),#73,.T.);
#1875=ADVANCED_FACE('',(#138),#1827,.T.);
#1876=ADVANCED_FACE('',(#139),#74,.T.);
#1877=ADVANCED_FACE('',(#140),#1828,.T.);
#1878=ADVANCED_FACE('',(#141),#1829,.F.);
#1879=ADVANCED_FACE('',(#142),#75,.T.);
#1880=ADVANCED_FACE('',(#143),#76,.T.);
#1881=ADVANCED_FACE('',(#144),#1830,.F.);
#1882=ADVANCED_FACE('',(#145),#1831,.F.);
#1883=ADVANCED_FACE('',(#146),#1832,.F.);
#1884=ADVANCED_FACE('',(#147),#77,.T.);
#1885=ADVANCED_FACE('',(#148),#78,.T.);
#1886=ADVANCED_FACE('',(#149),#1833,.F.);
#1887=ADVANCED_FACE('',(#150),#79,.T.);
#1888=ADVANCED_FACE('',(#151),#1834,.T.);
#1889=ADVANCED_FACE('',(#152),#80,.T.);
#1890=ADVANCED_FACE('',(#153),#1835,.T.);
#1891=ADVANCED_FACE('',(#154),#81,.T.);
#1892=ADVANCED_FACE('',(#155,#19,#20,#21,#22,#23),#82,.T.);
#1893=ADVANCED_FACE('',(#156),#83,.T.);
#1894=ADVANCED_FACE('',(#157,#24,#25,#26,#27),#84,.F.);
#1895=ADVANCED_FACE('',(#158),#1836,.T.);
#1896=ADVANCED_FACE('',(#159),#67,.T.);
#1897=ADVANCED_FACE('',(#160),#1837,.T.);
#1898=ADVANCED_FACE('',(#161),#68,.T.);
#1899=ADVANCED_FACE('',(#162),#1838,.T.);
#1900=ADVANCED_FACE('',(#163),#69,.T.);
#1901=ADVANCED_FACE('',(#164),#1839,.T.);
#1902=ADVANCED_FACE('',(#165),#70,.T.);
#1903=ADVANCED_FACE('',(#166),#1840,.T.);
#1904=ADVANCED_FACE('',(#167),#71,.T.);
#1905=ADVANCED_FACE('',(#168),#85,.T.);
#1906=ADVANCED_FACE('',(#169),#1841,.T.);
#1907=ADVANCED_FACE('',(#170),#86,.T.);
#1908=ADVANCED_FACE('',(#171),#1842,.T.);
#1909=ADVANCED_FACE('',(#172),#87,.T.);
#1910=ADVANCED_FACE('',(#173,#28,#29,#30,#31,#32,#33),#88,.T.);
#1911=ADVANCED_FACE('',(#174),#1843,.F.);
#1912=ADVANCED_FACE('',(#175),#89,.T.);
#1913=ADVANCED_FACE('',(#176),#90,.T.);
#1914=ADVANCED_FACE('',(#177),#91,.T.);
#1915=ADVANCED_FACE('',(#178),#92,.T.);
#1916=ADVANCED_FACE('',(#179),#93,.T.);
#1917=ADVANCED_FACE('',(#180),#1844,.F.);
#1918=ADVANCED_FACE('',(#181),#1845,.F.);
#1919=ADVANCED_FACE('',(#182),#1846,.F.);
#1920=ADVANCED_FACE('',(#183),#1847,.F.);
#1921=ADVANCED_FACE('',(#184),#1848,.T.);
#1922=ADVANCED_FACE('',(#185),#94,.T.);
#1923=ADVANCED_FACE('',(#186),#1849,.T.);
#1924=ADVANCED_FACE('',(#187),#95,.T.);
#1925=ADVANCED_FACE('',(#188),#1850,.T.);
#1926=ADVANCED_FACE('',(#189,#34,#35,#36,#37,#38,#39),#96,.F.);
#1927=ADVANCED_FACE('',(#190),#1851,.F.);
#1928=ADVANCED_FACE('',(#191),#97,.T.);
#1929=ADVANCED_FACE('',(#192),#98,.T.);
#1930=ADVANCED_FACE('',(#193),#99,.T.);
#1931=ADVANCED_FACE('',(#194),#100,.T.);
#1932=ADVANCED_FACE('',(#195),#1852,.F.);
#1933=ADVANCED_FACE('',(#196),#101,.T.);
#1934=ADVANCED_FACE('',(#197),#102,.T.);
#1935=ADVANCED_FACE('',(#198),#103,.T.);
#1936=ADVANCED_FACE('',(#199),#104,.T.);
#1937=ADVANCED_FACE('',(#200),#1853,.F.);
#1938=ADVANCED_FACE('',(#201),#1854,.F.);
#1939=ADVANCED_FACE('',(#202),#105,.T.);
#1940=ADVANCED_FACE('',(#203),#106,.T.);
#1941=ADVANCED_FACE('',(#204),#107,.T.);
#1942=ADVANCED_FACE('',(#205),#108,.T.);
#1943=ADVANCED_FACE('',(#206),#1855,.F.);
#1944=ADVANCED_FACE('',(#207),#109,.T.);
#1945=ADVANCED_FACE('',(#208),#110,.T.);
#1946=ADVANCED_FACE('',(#209),#111,.T.);
#1947=ADVANCED_FACE('',(#210),#112,.T.);
#1948=ADVANCED_FACE('',(#211),#113,.T.);
#1949=ADVANCED_FACE('',(#212),#114,.T.);
#1950=ADVANCED_FACE('',(#213),#115,.T.);
#1951=ADVANCED_FACE('',(#214),#116,.T.);
#1952=ADVANCED_FACE('',(#215),#117,.T.);
#1953=ADVANCED_FACE('',(#216),#1856,.T.);
#1954=ADVANCED_FACE('',(#217),#118,.T.);
#1955=ADVANCED_FACE('',(#218),#1857,.T.);
#1956=ADVANCED_FACE('',(#219),#119,.T.);
#1957=ADVANCED_FACE('',(#220),#1858,.T.);
#1958=ADVANCED_FACE('',(#221),#120,.T.);
#1959=ADVANCED_FACE('',(#222),#1859,.T.);
#1960=ADVANCED_FACE('',(#223),#121,.T.);
#1961=ADVANCED_FACE('',(#224),#1860,.T.);
#1962=ADVANCED_FACE('',(#225,#40,#41,#42,#43,#44,#45,#46,#47,#48,#49),#122,
 .T.);
#1963=ADVANCED_FACE('',(#226,#50,#51,#52,#53,#54,#55,#56,#57,#58,#59),#123,
 .F.);
#1964=CLOSED_SHELL('',(#1861,#1862,#1863,#1864,#1865,#1866,#1867,#1868,
#1869,#1870,#1871,#1872,#1873,#1874,#1875,#1876,#1877,#1878,#1879,#1880,
#1881,#1882,#1883,#1884,#1885,#1886,#1887,#1888,#1889,#1890,#1891,#1892,
#1893,#1894));
#1965=CLOSED_SHELL('',(#1895,#1896,#1897,#1898,#1899,#1900,#1901,#1902,
#1903,#1904,#1905,#1906,#1907,#1908,#1909,#1910,#1911,#1912,#1913,#1914,
#1915,#1916,#1917,#1918,#1919,#1920,#1921,#1922,#1923,#1924,#1925,#1926));
#1966=CLOSED_SHELL('',(#1927,#1928,#1929,#1930,#1931,#1932,#1933,#1934,
#1935,#1936,#1937,#1938,#1939,#1940,#1941,#1942,#1943,#1944,#1945,#1946,
#1947,#1948,#1949,#1950,#1951,#1952,#1953,#1954,#1955,#1956,#1957,#1958,
#1959,#1960,#1961,#1962,#1963));
#1967=DERIVED_UNIT_ELEMENT(#1969,1.);
#1968=DERIVED_UNIT_ELEMENT(#3324,-3.);
#1969=(
MASS_UNIT()
NAMED_UNIT(*)
SI_UNIT(.KILO.,.GRAM.)
);
#1970=DERIVED_UNIT((#1967,#1968));
#1971=MEASURE_REPRESENTATION_ITEM('density measure',
POSITIVE_RATIO_MEASURE(7850.),#1970);
#1972=PROPERTY_DEFINITION_REPRESENTATION(#1977,#1974);
#1973=PROPERTY_DEFINITION_REPRESENTATION(#1978,#1975);
#1974=REPRESENTATION('material name',(#1976),#3321);
#1975=REPRESENTATION('density',(#1971),#3321);
#1976=DESCRIPTIVE_REPRESENTATION_ITEM('Stal','Stal');
#1977=PROPERTY_DEFINITION('material property','material name',#3331);
#1978=PROPERTY_DEFINITION('material property','density of part',#3331);
#1979=AXIS2_PLACEMENT_3D('',#2749,#2176,#2177);
#1980=AXIS2_PLACEMENT_3D('',#2750,#2178,#2179);
#1981=AXIS2_PLACEMENT_3D('',#2755,#2181,#2182);
#1982=AXIS2_PLACEMENT_3D('',#2758,#2184,#2185);
#1983=AXIS2_PLACEMENT_3D('',#2759,#2186,#2187);
#1984=AXIS2_PLACEMENT_3D('',#2769,#2193,#2194);
#1985=AXIS2_PLACEMENT_3D('',#2772,#2195,#2196);
#1986=AXIS2_PLACEMENT_3D('',#2774,#2197,#2198);
#1987=AXIS2_PLACEMENT_3D('',#2776,#2199,#2200);
#1988=AXIS2_PLACEMENT_3D('',#2777,#2201,#2202);
#1989=AXIS2_PLACEMENT_3D('',#2778,#2203,#2204);
#1990=AXIS2_PLACEMENT_3D('',#2781,#2205,#2206);
#1991=AXIS2_PLACEMENT_3D('',#2784,#2209,#2210);
#1992=AXIS2_PLACEMENT_3D('',#2787,#2211,#2212);
#1993=AXIS2_PLACEMENT_3D('',#2788,#2213,#2214);
#1994=AXIS2_PLACEMENT_3D('',#2789,#2215,#2216);
#1995=AXIS2_PLACEMENT_3D('',#2790,#2217,#2218);
#1996=AXIS2_PLACEMENT_3D('',#2793,#2219,#2220);
#1997=AXIS2_PLACEMENT_3D('',#2796,#2223,#2224);
#1998=AXIS2_PLACEMENT_3D('',#2819,#2225,#2226);
#1999=AXIS2_PLACEMENT_3D('',#2821,#2227,#2228);
#2000=AXIS2_PLACEMENT_3D('',#2822,#2229,#2230);
#2001=AXIS2_PLACEMENT_3D('',#2823,#2231,#2232);
#2002=AXIS2_PLACEMENT_3D('',#2824,#2233,#2234);
#2003=AXIS2_PLACEMENT_3D('',#2827,#2235,#2236);
#2004=AXIS2_PLACEMENT_3D('',#2830,#2239,#2240);
#2005=AXIS2_PLACEMENT_3D('',#2833,#2241,#2242);
#2006=AXIS2_PLACEMENT_3D('',#2834,#2243,#2244);
#2007=AXIS2_PLACEMENT_3D('',#2835,#2245,#2246);
#2008=AXIS2_PLACEMENT_3D('',#2836,#2247,#2248);
#2009=AXIS2_PLACEMENT_3D('',#2839,#2249,#2250);
#2010=AXIS2_PLACEMENT_3D('',#2842,#2253,#2254);
#2011=AXIS2_PLACEMENT_3D('',#2845,#2255,#2256);
#2012=AXIS2_PLACEMENT_3D('',#2846,#2257,#2258);
#2013=AXIS2_PLACEMENT_3D('',#2847,#2259,#2260);
#2014=AXIS2_PLACEMENT_3D('',#2848,#2261,#2262);
#2015=AXIS2_PLACEMENT_3D('',#2851,#2265,#2266);
#2016=AXIS2_PLACEMENT_3D('',#2855,#2268,#2269);
#2017=AXIS2_PLACEMENT_3D('',#2857,#2271,#2272);
#2018=AXIS2_PLACEMENT_3D('',#2861,#2275,#2276);
#2019=AXIS2_PLACEMENT_3D('',#2864,#2278,#2279);
#2020=AXIS2_PLACEMENT_3D('',#2865,#2280,#2281);
#2021=AXIS2_PLACEMENT_3D('',#2869,#2284,#2285);
#2022=AXIS2_PLACEMENT_3D('',#2872,#2287,#2288);
#2023=AXIS2_PLACEMENT_3D('',#2873,#2289,#2290);
#2024=AXIS2_PLACEMENT_3D('',#2875,#2291,#2292);
#2025=AXIS2_PLACEMENT_3D('',#2877,#2294,#2295);
#2026=AXIS2_PLACEMENT_3D('',#2878,#2296,#2297);
#2027=AXIS2_PLACEMENT_3D('',#2887,#2302,#2303);
#2028=AXIS2_PLACEMENT_3D('',#2893,#2307,#2308);
#2029=AXIS2_PLACEMENT_3D('',#2895,#2309,#2310);
#2030=AXIS2_PLACEMENT_3D('',#2898,#2312,#2313);
#2031=AXIS2_PLACEMENT_3D('',#2899,#2314,#2315);
#2032=AXIS2_PLACEMENT_3D('',#2901,#2316,#2317);
#2033=AXIS2_PLACEMENT_3D('',#2904,#2319,#2320);
#2034=AXIS2_PLACEMENT_3D('',#2905,#2321,#2322);
#2035=AXIS2_PLACEMENT_3D('',#2907,#2323,#2324);
#2036=AXIS2_PLACEMENT_3D('',#2910,#2326,#2327);
#2037=AXIS2_PLACEMENT_3D('',#2911,#2328,#2329);
#2038=AXIS2_PLACEMENT_3D('',#2914,#2332,#2333);
#2039=AXIS2_PLACEMENT_3D('',#2917,#2336,#2337);
#2040=AXIS2_PLACEMENT_3D('',#2919,#2338,#2339);
#2041=AXIS2_PLACEMENT_3D('',#2922,#2341,#2342);
#2042=AXIS2_PLACEMENT_3D('',#2923,#2343,#2344);
#2043=AXIS2_PLACEMENT_3D('',#2927,#2347,#2348);
#2044=AXIS2_PLACEMENT_3D('',#2929,#2349,#2350);
#2045=AXIS2_PLACEMENT_3D('',#2931,#2352,#2353);
#2046=AXIS2_PLACEMENT_3D('',#2936,#2357,#2358);
#2047=AXIS2_PLACEMENT_3D('',#2938,#2359,#2360);
#2048=AXIS2_PLACEMENT_3D('',#2940,#2362,#2363);
#2049=AXIS2_PLACEMENT_3D('',#2942,#2365,#2366);
#2050=AXIS2_PLACEMENT_3D('',#2943,#2367,#2368);
#2051=AXIS2_PLACEMENT_3D('',#2944,#2369,#2370);
#2052=AXIS2_PLACEMENT_3D('',#2945,#2371,#2372);
#2053=AXIS2_PLACEMENT_3D('',#2948,#2373,#2374);
#2054=AXIS2_PLACEMENT_3D('',#2952,#2376,#2377);
#2055=AXIS2_PLACEMENT_3D('',#2954,#2379,#2380);
#2056=AXIS2_PLACEMENT_3D('',#2957,#2381,#2382);
#2057=AXIS2_PLACEMENT_3D('',#2958,#2383,#2384);
#2058=AXIS2_PLACEMENT_3D('',#2959,#2385,#2386);
#2059=AXIS2_PLACEMENT_3D('',#2960,#2387,#2388);
#2060=AXIS2_PLACEMENT_3D('',#2963,#2389,#2390);
#2061=AXIS2_PLACEMENT_3D('',#2966,#2393,#2394);
#2062=AXIS2_PLACEMENT_3D('',#2969,#2395,#2396);
#2063=AXIS2_PLACEMENT_3D('',#2970,#2397,#2398);
#2064=AXIS2_PLACEMENT_3D('',#2971,#2399,#2400);
#2065=AXIS2_PLACEMENT_3D('',#2972,#2401,#2402);
#2066=AXIS2_PLACEMENT_3D('',#2975,#2403,#2404);
#2067=AXIS2_PLACEMENT_3D('',#2978,#2407,#2408);
#2068=AXIS2_PLACEMENT_3D('',#2981,#2409,#2410);
#2069=AXIS2_PLACEMENT_3D('',#2982,#2411,#2412);
#2070=AXIS2_PLACEMENT_3D('',#2983,#2413,#2414);
#2071=AXIS2_PLACEMENT_3D('',#2984,#2415,#2416);
#2072=AXIS2_PLACEMENT_3D('',#2987,#2417,#2418);
#2073=AXIS2_PLACEMENT_3D('',#2990,#2421,#2422);
#2074=AXIS2_PLACEMENT_3D('',#2993,#2423,#2424);
#2075=AXIS2_PLACEMENT_3D('',#2994,#2425,#2426);
#2076=AXIS2_PLACEMENT_3D('',#2995,#2427,#2428);
#2077=AXIS2_PLACEMENT_3D('',#2996,#2429,#2430);
#2078=AXIS2_PLACEMENT_3D('',#2999,#2431,#2432);
#2079=AXIS2_PLACEMENT_3D('',#3002,#2435,#2436);
#2080=AXIS2_PLACEMENT_3D('',#3003,#2437,#2438);
#2081=AXIS2_PLACEMENT_3D('',#3004,#2439,#2440);
#2082=AXIS2_PLACEMENT_3D('',#3005,#2441,#2442);
#2083=AXIS2_PLACEMENT_3D('',#3011,#2446,#2447);
#2084=AXIS2_PLACEMENT_3D('',#3014,#2449,#2450);
#2085=AXIS2_PLACEMENT_3D('',#3015,#2451,#2452);
#2086=AXIS2_PLACEMENT_3D('',#3019,#2455,#2456);
#2087=AXIS2_PLACEMENT_3D('',#3022,#2458,#2459);
#2088=AXIS2_PLACEMENT_3D('',#3023,#2460,#2461);
#2089=AXIS2_PLACEMENT_3D('',#3027,#2464,#2465);
#2090=AXIS2_PLACEMENT_3D('',#3029,#2466,#2467);
#2091=AXIS2_PLACEMENT_3D('',#3041,#2473,#2474);
#2092=AXIS2_PLACEMENT_3D('',#3043,#2475,#2476);
#2093=AXIS2_PLACEMENT_3D('',#3045,#2477,#2478);
#2094=AXIS2_PLACEMENT_3D('',#3047,#2479,#2480);
#2095=AXIS2_PLACEMENT_3D('',#3048,#2481,#2482);
#2096=AXIS2_PLACEMENT_3D('',#3051,#2484,#2485);
#2097=AXIS2_PLACEMENT_3D('',#3052,#2486,#2487);
#2098=AXIS2_PLACEMENT_3D('',#3058,#2491,#2492);
#2099=AXIS2_PLACEMENT_3D('',#3062,#2495,#2496);
#2100=AXIS2_PLACEMENT_3D('',#3066,#2499,#2500);
#2101=AXIS2_PLACEMENT_3D('',#3070,#2503,#2504);
#2102=AXIS2_PLACEMENT_3D('',#3072,#2506,#2507);
#2103=AXIS2_PLACEMENT_3D('',#3075,#2509,#2510);
#2104=AXIS2_PLACEMENT_3D('',#3076,#2511,#2512);
#2105=AXIS2_PLACEMENT_3D('',#3079,#2514,#2515);
#2106=AXIS2_PLACEMENT_3D('',#3080,#2516,#2517);
#2107=AXIS2_PLACEMENT_3D('',#3083,#2519,#2520);
#2108=AXIS2_PLACEMENT_3D('',#3084,#2521,#2522);
#2109=AXIS2_PLACEMENT_3D('',#3087,#2524,#2525);
#2110=AXIS2_PLACEMENT_3D('',#3088,#2526,#2527);
#2111=AXIS2_PLACEMENT_3D('',#3091,#2529,#2530);
#2112=AXIS2_PLACEMENT_3D('',#3092,#2531,#2532);
#2113=AXIS2_PLACEMENT_3D('',#3096,#2535,#2536);
#2114=AXIS2_PLACEMENT_3D('',#3099,#2538,#2539);
#2115=AXIS2_PLACEMENT_3D('',#3100,#2540,#2541);
#2116=AXIS2_PLACEMENT_3D('',#3104,#2544,#2545);
#2117=AXIS2_PLACEMENT_3D('',#3105,#2546,#2547);
#2118=AXIS2_PLACEMENT_3D('',#3106,#2548,#2549);
#2119=AXIS2_PLACEMENT_3D('',#3107,#2550,#2551);
#2120=AXIS2_PLACEMENT_3D('',#3109,#2552,#2553);
#2121=AXIS2_PLACEMENT_3D('',#3112,#2555,#2556);
#2122=AXIS2_PLACEMENT_3D('',#3113,#2557,#2558);
#2123=AXIS2_PLACEMENT_3D('',#3122,#2563,#2564);
#2124=AXIS2_PLACEMENT_3D('',#3128,#2568,#2569);
#2125=AXIS2_PLACEMENT_3D('',#3134,#2573,#2574);
#2126=AXIS2_PLACEMENT_3D('',#3137,#2577,#2578);
#2127=AXIS2_PLACEMENT_3D('',#3139,#2579,#2580);
#2128=AXIS2_PLACEMENT_3D('',#3142,#2582,#2583);
#2129=AXIS2_PLACEMENT_3D('',#3143,#2584,#2585);
#2130=AXIS2_PLACEMENT_3D('',#3152,#2590,#2591);
#2131=AXIS2_PLACEMENT_3D('',#3158,#2595,#2596);
#2132=AXIS2_PLACEMENT_3D('',#3164,#2600,#2601);
#2133=AXIS2_PLACEMENT_3D('',#3167,#2604,#2605);
#2134=AXIS2_PLACEMENT_3D('',#3169,#2606,#2607);
#2135=AXIS2_PLACEMENT_3D('',#3172,#2609,#2610);
#2136=AXIS2_PLACEMENT_3D('',#3173,#2611,#2612);
#2137=AXIS2_PLACEMENT_3D('',#3175,#2613,#2614);
#2138=AXIS2_PLACEMENT_3D('',#3178,#2616,#2617);
#2139=AXIS2_PLACEMENT_3D('',#3179,#2618,#2619);
#2140=AXIS2_PLACEMENT_3D('',#3188,#2624,#2625);
#2141=AXIS2_PLACEMENT_3D('',#3194,#2629,#2630);
#2142=AXIS2_PLACEMENT_3D('',#3200,#2634,#2635);
#2143=AXIS2_PLACEMENT_3D('',#3203,#2638,#2639);
#2144=AXIS2_PLACEMENT_3D('',#3205,#2640,#2641);
#2145=AXIS2_PLACEMENT_3D('',#3208,#2643,#2644);
#2146=AXIS2_PLACEMENT_3D('',#3209,#2645,#2646);
#2147=AXIS2_PLACEMENT_3D('',#3218,#2651,#2652);
#2148=AXIS2_PLACEMENT_3D('',#3224,#2656,#2657);
#2149=AXIS2_PLACEMENT_3D('',#3230,#2661,#2662);
#2150=AXIS2_PLACEMENT_3D('',#3233,#2665,#2666);
#2151=AXIS2_PLACEMENT_3D('',#3242,#2671,#2672);
#2152=AXIS2_PLACEMENT_3D('',#3248,#2676,#2677);
#2153=AXIS2_PLACEMENT_3D('',#3254,#2681,#2682);
#2154=AXIS2_PLACEMENT_3D('',#3257,#2685,#2686);
#2155=AXIS2_PLACEMENT_3D('',#3266,#2691,#2692);
#2156=AXIS2_PLACEMENT_3D('',#3268,#2693,#2694);
#2157=AXIS2_PLACEMENT_3D('',#3270,#2695,#2696);
#2158=AXIS2_PLACEMENT_3D('',#3272,#2698,#2699);
#2159=AXIS2_PLACEMENT_3D('',#3278,#2703,#2704);
#2160=AXIS2_PLACEMENT_3D('',#3280,#2705,#2706);
#2161=AXIS2_PLACEMENT_3D('',#3282,#2707,#2708);
#2162=AXIS2_PLACEMENT_3D('',#3284,#2710,#2711);
#2163=AXIS2_PLACEMENT_3D('',#3290,#2715,#2716);
#2164=AXIS2_PLACEMENT_3D('',#3292,#2717,#2718);
#2165=AXIS2_PLACEMENT_3D('',#3294,#2719,#2720);
#2166=AXIS2_PLACEMENT_3D('',#3296,#2722,#2723);
#2167=AXIS2_PLACEMENT_3D('',#3302,#2727,#2728);
#2168=AXIS2_PLACEMENT_3D('',#3304,#2729,#2730);
#2169=AXIS2_PLACEMENT_3D('',#3306,#2731,#2732);
#2170=AXIS2_PLACEMENT_3D('',#3308,#2734,#2735);
#2171=AXIS2_PLACEMENT_3D('',#3314,#2739,#2740);
#2172=AXIS2_PLACEMENT_3D('',#3315,#2741,#2742);
#2173=AXIS2_PLACEMENT_3D('',#3316,#2743,#2744);
#2174=AXIS2_PLACEMENT_3D('',#3317,#2745,#2746);
#2175=AXIS2_PLACEMENT_3D('',#3318,#2747,#2748);
#2176=DIRECTION('axis',(0.,0.,1.));
#2177=DIRECTION('refdir',(1.,0.,0.));
#2178=DIRECTION('center_axis',(7.26083532629753E-17,-1.,0.));
#2179=DIRECTION('ref_axis',(1.22464679914735E-16,8.89195874148629E-33,-1.));
#2180=DIRECTION('',(7.26083532629753E-17,-1.,0.));
#2181=DIRECTION('center_axis',(7.26083532629753E-17,-1.,0.));
#2182=DIRECTION('ref_axis',(0.,0.,1.));
#2183=DIRECTION('',(-7.26083532629753E-17,1.,0.));
#2184=DIRECTION('center_axis',(0.,1.,0.));
#2185=DIRECTION('ref_axis',(0.,0.,1.));
#2186=DIRECTION('center_axis',(0.,-1.,0.));
#2187=DIRECTION('ref_axis',(1.,0.,0.));
#2188=DIRECTION('',(1.,0.,0.));
#2189=DIRECTION('',(0.,0.,1.));
#2190=DIRECTION('',(-1.,0.,0.));
#2191=DIRECTION('',(0.,0.,1.));
#2192=DIRECTION('',(1.,0.,0.));
#2193=DIRECTION('center_axis',(0.,0.,1.));
#2194=DIRECTION('ref_axis',(1.,0.,0.));
#2195=DIRECTION('center_axis',(-2.22044604925031E-15,1.,0.));
#2196=DIRECTION('ref_axis',(1.,2.22044604925031E-15,0.));
#2197=DIRECTION('center_axis',(0.,0.,1.));
#2198=DIRECTION('ref_axis',(0.946515254912321,0.322659064986966,0.));
#2199=DIRECTION('center_axis',(0.610803454291817,-0.791782255563475,0.));
#2200=DIRECTION('ref_axis',(0.,0.,-1.));
#2201=DIRECTION('center_axis',(0.,0.,-1.));
#2202=DIRECTION('ref_axis',(0.946515254912321,0.322659064986967,0.));
#2203=DIRECTION('center_axis',(0.610803454291822,-0.791782255563472,0.));
#2204=DIRECTION('ref_axis',(0.559874602132113,0.431903264501913,-0.707106781186547));
#2205=DIRECTION('center_axis',(0.610803454291823,-0.79178225556347,0.));
#2206=DIRECTION('ref_axis',(0.,0.,-1.));
#2207=DIRECTION('',(0.610803454291822,-0.791782255563471,0.));
#2208=DIRECTION('',(-0.610803454291822,0.791782255563471,0.));
#2209=DIRECTION('center_axis',(0.,0.,1.));
#2210=DIRECTION('ref_axis',(1.,0.,0.));
#2211=DIRECTION('center_axis',(1.,0.,0.));
#2212=DIRECTION('ref_axis',(0.,0.,-1.));
#2213=DIRECTION('center_axis',(0.,0.,-1.));
#2214=DIRECTION('ref_axis',(0.441132942381422,0.89744176810861,0.));
#2215=DIRECTION('center_axis',(0.,0.,1.));
#2216=DIRECTION('ref_axis',(0.441132942381422,0.89744176810861,0.));
#2217=DIRECTION('center_axis',(1.,7.26083532629753E-17,0.));
#2218=DIRECTION('ref_axis',(0.,0.707106781186546,-0.707106781186549));
#2219=DIRECTION('center_axis',(1.,-2.96059473233375E-15,0.));
#2220=DIRECTION('ref_axis',(0.,0.,-1.));
#2221=DIRECTION('',(1.,7.26083532629753E-17,0.));
#2222=DIRECTION('',(-1.,-7.26083532629753E-17,0.));
#2223=DIRECTION('center_axis',(0.,0.,1.));
#2224=DIRECTION('ref_axis',(1.,0.,0.));
#2225=DIRECTION('center_axis',(0.,0.,1.));
#2226=DIRECTION('ref_axis',(-0.707106781186547,0.707106781186548,0.));
#2227=DIRECTION('center_axis',(0.,1.,0.));
#2228=DIRECTION('ref_axis',(0.,0.,-1.));
#2229=DIRECTION('center_axis',(0.,0.,-1.));
#2230=DIRECTION('ref_axis',(-0.707106781186547,0.707106781186548,0.));
#2231=DIRECTION('center_axis',(0.,0.,1.));
#2232=DIRECTION('ref_axis',(-0.707106781186547,0.707106781186548,0.));
#2233=DIRECTION('center_axis',(-1.52314861383613E-16,1.,0.));
#2234=DIRECTION('ref_axis',(-0.707106781186548,0.,-0.707106781186547));
#2235=DIRECTION('center_axis',(1.48029736616687E-15,1.,0.));
#2236=DIRECTION('ref_axis',(0.,0.,-1.));
#2237=DIRECTION('',(-1.52314861383613E-16,1.,0.));
#2238=DIRECTION('',(1.52314861383613E-16,-1.,0.));
#2239=DIRECTION('center_axis',(0.,0.,1.));
#2240=DIRECTION('ref_axis',(1.,0.,0.));
#2241=DIRECTION('center_axis',(-1.,0.,0.));
#2242=DIRECTION('ref_axis',(0.,0.,-1.));
#2243=DIRECTION('center_axis',(0.,0.,-1.));
#2244=DIRECTION('ref_axis',(-0.707106781186548,-0.707106781186547,0.));
#2245=DIRECTION('center_axis',(0.,0.,1.));
#2246=DIRECTION('ref_axis',(-0.707106781186548,-0.707106781186547,0.));
#2247=DIRECTION('center_axis',(1.,0.,0.));
#2248=DIRECTION('ref_axis',(0.,-0.707106781186547,-0.707106781186548));
#2249=DIRECTION('center_axis',(-1.,0.,0.));
#2250=DIRECTION('ref_axis',(0.,0.,-1.));
#2251=DIRECTION('',(-1.,0.,0.));
#2252=DIRECTION('',(1.,0.,0.));
#2253=DIRECTION('center_axis',(0.,0.,1.));
#2254=DIRECTION('ref_axis',(1.,0.,0.));
#2255=DIRECTION('center_axis',(1.48029736616687E-15,-1.,0.));
#2256=DIRECTION('ref_axis',(0.,0.,-1.));
#2257=DIRECTION('center_axis',(0.,0.,-1.));
#2258=DIRECTION('ref_axis',(0.707106781186547,-0.707106781186548,0.));
#2259=DIRECTION('center_axis',(0.,0.,1.));
#2260=DIRECTION('ref_axis',(0.707106781186547,-0.707106781186548,0.));
#2261=DIRECTION('center_axis',(6.05374955548857E-16,1.,0.));
#2262=DIRECTION('ref_axis',(0.707106781186548,-5.23364152894591E-16,-0.707106781186547));
#2263=DIRECTION('',(-6.05374955548857E-16,-1.,0.));
#2264=DIRECTION('',(6.05374955548857E-16,1.,0.));
#2265=DIRECTION('center_axis',(0.,0.,1.));
#2266=DIRECTION('ref_axis',(-1.,8.88178419700126E-16,0.));
#2267=DIRECTION('',(0.,0.,1.));
#2268=DIRECTION('center_axis',(0.,0.,1.));
#2269=DIRECTION('ref_axis',(-1.,8.88178419700126E-16,0.));
#2270=DIRECTION('',(0.,0.,1.));
#2271=DIRECTION('center_axis',(0.,-1.,0.));
#2272=DIRECTION('ref_axis',(1.,0.,0.));
#2273=DIRECTION('',(0.,0.,1.));
#2274=DIRECTION('',(1.,0.,0.));
#2275=DIRECTION('center_axis',(0.,0.,1.));
#2276=DIRECTION('ref_axis',(-1.77635683940025E-15,-1.,0.));
#2277=DIRECTION('',(0.,0.,1.));
#2278=DIRECTION('center_axis',(0.,0.,1.));
#2279=DIRECTION('ref_axis',(-1.77635683940025E-15,-1.,0.));
#2280=DIRECTION('center_axis',(1.,-6.05374955548857E-16,0.));
#2281=DIRECTION('ref_axis',(6.05374955548857E-16,1.,0.));
#2282=DIRECTION('',(0.,0.,1.));
#2283=DIRECTION('',(6.05374955548857E-16,1.,0.));
#2284=DIRECTION('center_axis',(0.,0.,1.));
#2285=DIRECTION('ref_axis',(1.,2.10942374678778E-15,0.));
#2286=DIRECTION('',(0.,0.,1.));
#2287=DIRECTION('center_axis',(0.,0.,1.));
#2288=DIRECTION('ref_axis',(1.,2.10942374678778E-15,0.));
#2289=DIRECTION('center_axis',(0.,0.,1.));
#2290=DIRECTION('ref_axis',(1.,0.,0.));
#2291=DIRECTION('center_axis',(0.,0.,-1.));
#2292=DIRECTION('ref_axis',(1.,0.,0.));
#2293=DIRECTION('',(0.,0.,-1.));
#2294=DIRECTION('center_axis',(0.,0.,-1.));
#2295=DIRECTION('ref_axis',(1.,0.,0.));
#2296=DIRECTION('center_axis',(-1.,0.,0.));
#2297=DIRECTION('ref_axis',(0.,-1.,0.));
#2298=DIRECTION('',(0.,1.,0.));
#2299=DIRECTION('',(0.,0.,1.));
#2300=DIRECTION('',(0.,-1.,0.));
#2301=DIRECTION('',(0.,0.,1.));
#2302=DIRECTION('center_axis',(0.,1.,0.));
#2303=DIRECTION('ref_axis',(-1.,0.,0.));
#2304=DIRECTION('',(1.,0.,0.));
#2305=DIRECTION('',(0.,0.,1.));
#2306=DIRECTION('',(-1.,0.,0.));
#2307=DIRECTION('center_axis',(0.,0.,1.));
#2308=DIRECTION('ref_axis',(1.,0.,0.));
#2309=DIRECTION('center_axis',(0.,0.,-1.));
#2310=DIRECTION('ref_axis',(1.,0.,0.));
#2311=DIRECTION('',(0.,0.,-1.));
#2312=DIRECTION('center_axis',(0.,0.,-1.));
#2313=DIRECTION('ref_axis',(1.,0.,0.));
#2314=DIRECTION('center_axis',(0.,0.,1.));
#2315=DIRECTION('ref_axis',(1.,0.,0.));
#2316=DIRECTION('center_axis',(0.,0.,-1.));
#2317=DIRECTION('ref_axis',(1.,0.,0.));
#2318=DIRECTION('',(0.,0.,-1.));
#2319=DIRECTION('center_axis',(0.,0.,-1.));
#2320=DIRECTION('ref_axis',(1.,0.,0.));
#2321=DIRECTION('center_axis',(0.,0.,1.));
#2322=DIRECTION('ref_axis',(1.,0.,0.));
#2323=DIRECTION('center_axis',(0.,0.,-1.));
#2324=DIRECTION('ref_axis',(1.,0.,0.));
#2325=DIRECTION('',(0.,0.,-1.));
#2326=DIRECTION('center_axis',(0.,0.,-1.));
#2327=DIRECTION('ref_axis',(1.,0.,0.));
#2328=DIRECTION('center_axis',(-0.791782255563472,-0.610803454291821,0.));
#2329=DIRECTION('ref_axis',(0.610803454291821,-0.791782255563472,0.));
#2330=DIRECTION('',(-0.610803454291821,0.791782255563472,0.));
#2331=DIRECTION('',(0.610803454291821,-0.791782255563472,0.));
#2332=DIRECTION('center_axis',(1.,0.,0.));
#2333=DIRECTION('ref_axis',(0.,1.,0.));
#2334=DIRECTION('',(0.,-1.,0.));
#2335=DIRECTION('',(0.,1.,0.));
#2336=DIRECTION('center_axis',(0.,0.,1.));
#2337=DIRECTION('ref_axis',(1.,0.,0.));
#2338=DIRECTION('center_axis',(0.,0.,-1.));
#2339=DIRECTION('ref_axis',(1.,0.,0.));
#2340=DIRECTION('',(0.,0.,-1.));
#2341=DIRECTION('center_axis',(0.,0.,-1.));
#2342=DIRECTION('ref_axis',(1.,0.,0.));
#2343=DIRECTION('center_axis',(-1.,-1.52314861383613E-16,0.));
#2344=DIRECTION('ref_axis',(1.52314861383613E-16,-1.,0.));
#2345=DIRECTION('',(1.52314861383613E-16,-1.,0.));
#2346=DIRECTION('',(0.,0.,1.));
#2347=DIRECTION('center_axis',(0.,0.,1.));
#2348=DIRECTION('ref_axis',(8.88178419700126E-16,1.,0.));
#2349=DIRECTION('center_axis',(0.,0.,1.));
#2350=DIRECTION('ref_axis',(8.88178419700126E-16,1.,0.));
#2351=DIRECTION('',(0.,0.,1.));
#2352=DIRECTION('center_axis',(-7.26083532629753E-17,1.,0.));
#2353=DIRECTION('ref_axis',(-1.,-7.26083532629753E-17,0.));
#2354=DIRECTION('',(-1.,-7.26083532629753E-17,0.));
#2355=DIRECTION('',(0.,0.,1.));
#2356=DIRECTION('',(-1.,-7.26083532629753E-17,0.));
#2357=DIRECTION('center_axis',(0.,0.,1.));
#2358=DIRECTION('ref_axis',(0.791782255563476,0.610803454291816,0.));
#2359=DIRECTION('center_axis',(0.,0.,1.));
#2360=DIRECTION('ref_axis',(0.791782255563476,0.610803454291816,0.));
#2361=DIRECTION('',(0.,0.,1.));
#2362=DIRECTION('center_axis',(0.791782255563472,0.610803454291822,0.));
#2363=DIRECTION('ref_axis',(-0.610803454291822,0.791782255563471,0.));
#2364=DIRECTION('',(-0.610803454291822,0.791782255563471,0.));
#2365=DIRECTION('center_axis',(0.,0.,1.));
#2366=DIRECTION('ref_axis',(1.,0.,0.));
#2367=DIRECTION('center_axis',(0.,0.,1.));
#2368=DIRECTION('ref_axis',(1.,0.,0.));
#2369=DIRECTION('center_axis',(0.,0.,1.));
#2370=DIRECTION('ref_axis',(1.,0.,0.));
#2371=DIRECTION('center_axis',(6.05375729309169E-16,1.,0.));
#2372=DIRECTION('ref_axis',(0.707106781186548,0.,0.707106781186548));
#2373=DIRECTION('center_axis',(0.,1.,0.));
#2374=DIRECTION('ref_axis',(0.,0.,1.));
#2375=DIRECTION('',(6.05375729309169E-16,1.,0.));
#2376=DIRECTION('center_axis',(0.,-1.,0.));
#2377=DIRECTION('ref_axis',(1.,0.,0.));
#2378=DIRECTION('',(-6.05375729309169E-16,-1.,0.));
#2379=DIRECTION('center_axis',(0.,0.,1.));
#2380=DIRECTION('ref_axis',(1.,0.,0.));
#2381=DIRECTION('center_axis',(0.61080345429182,-0.791782255563473,0.));
#2382=DIRECTION('ref_axis',(0.791782255563473,0.61080345429182,0.));
#2383=DIRECTION('center_axis',(0.,0.,-1.));
#2384=DIRECTION('ref_axis',(0.946515254912321,0.322659064986968,0.));
#2385=DIRECTION('center_axis',(0.,0.,1.));
#2386=DIRECTION('ref_axis',(0.946515254912321,0.322659064986968,0.));
#2387=DIRECTION('center_axis',(-0.610803454291785,0.7917822555635,0.));
#2388=DIRECTION('ref_axis',(0.559874602132132,0.431903264501892,0.707106781186544));
#2389=DIRECTION('center_axis',(0.610803454291792,-0.791782255563495,0.));
#2390=DIRECTION('ref_axis',(0.791782255563495,0.610803454291792,0.));
#2391=DIRECTION('',(0.610803454291785,-0.7917822555635,0.));
#2392=DIRECTION('',(-0.610803454291785,0.7917822555635,0.));
#2393=DIRECTION('center_axis',(0.,0.,1.));
#2394=DIRECTION('ref_axis',(1.,0.,0.));
#2395=DIRECTION('center_axis',(0.999999999903964,1.38589957021651E-5,0.));
#2396=DIRECTION('ref_axis',(-1.38589957021651E-5,0.999999999903964,0.));
#2397=DIRECTION('center_axis',(0.,0.,-1.));
#2398=DIRECTION('ref_axis',(0.441126723550004,0.897444824916852,0.));
#2399=DIRECTION('center_axis',(0.,0.,1.));
#2400=DIRECTION('ref_axis',(0.441126723550004,0.897444824916852,0.));
#2401=DIRECTION('center_axis',(-0.999999999903964,-1.38589957050842E-5,
0.));
#2402=DIRECTION('ref_axis',(-9.79978984771644E-6,0.707106781118648,0.707106781186539));
#2403=DIRECTION('center_axis',(0.999999999903964,1.38589956932833E-5,0.));
#2404=DIRECTION('ref_axis',(-1.38589956932833E-5,0.999999999903964,0.));
#2405=DIRECTION('',(0.999999999903964,1.38589957050842E-5,0.));
#2406=DIRECTION('',(-0.999999999903964,-1.38589957050842E-5,0.));
#2407=DIRECTION('center_axis',(0.,0.,1.));
#2408=DIRECTION('ref_axis',(1.,0.,0.));
#2409=DIRECTION('center_axis',(0.,1.,0.));
#2410=DIRECTION('ref_axis',(-1.,0.,0.));
#2411=DIRECTION('center_axis',(0.,0.,-1.));
#2412=DIRECTION('ref_axis',(-0.707111681064492,0.70710188127465,0.));
#2413=DIRECTION('center_axis',(0.,0.,1.));
#2414=DIRECTION('ref_axis',(-0.707111681064492,0.70710188127465,0.));
#2415=DIRECTION('center_axis',(0.,-1.,0.));
#2416=DIRECTION('ref_axis',(-0.707106781186554,0.,0.707106781186541));
#2417=DIRECTION('center_axis',(0.,1.,0.));
#2418=DIRECTION('ref_axis',(-1.,0.,0.));
#2419=DIRECTION('',(0.,1.,0.));
#2420=DIRECTION('',(0.,-1.,0.));
#2421=DIRECTION('center_axis',(0.,0.,1.));
#2422=DIRECTION('ref_axis',(1.,0.,0.));
#2423=DIRECTION('center_axis',(-1.,0.,0.));
#2424=DIRECTION('ref_axis',(0.,-1.,0.));
#2425=DIRECTION('center_axis',(0.,0.,-1.));
#2426=DIRECTION('ref_axis',(-0.707106781186547,-0.707106781186548,0.));
#2427=DIRECTION('center_axis',(0.,0.,1.));
#2428=DIRECTION('ref_axis',(-0.707106781186547,-0.707106781186548,0.));
#2429=DIRECTION('center_axis',(1.,-3.0696289136749E-17,0.));
#2430=DIRECTION('ref_axis',(0.,-0.707106781186548,0.707106781186548));
#2431=DIRECTION('center_axis',(-1.,0.,0.));
#2432=DIRECTION('ref_axis',(0.,-1.,0.));
#2433=DIRECTION('',(-1.,3.0696289136749E-17,0.));
#2434=DIRECTION('',(1.,-3.0696289136749E-17,0.));
#2435=DIRECTION('center_axis',(0.,0.,1.));
#2436=DIRECTION('ref_axis',(1.,0.,0.));
#2437=DIRECTION('center_axis',(0.,0.,-1.));
#2438=DIRECTION('ref_axis',(0.707106781186548,-0.707106781186547,0.));
#2439=DIRECTION('center_axis',(0.,0.,1.));
#2440=DIRECTION('ref_axis',(0.707106781186548,-0.707106781186547,0.));
#2441=DIRECTION('center_axis',(-1.38589957050842E-5,0.999999999903964,0.));
#2442=DIRECTION('ref_axis',(-0.999999999903964,-1.38589957050842E-5,0.));
#2443=DIRECTION('',(0.,0.,1.));
#2444=DIRECTION('',(-0.999999999903964,-1.38589957050842E-5,0.));
#2445=DIRECTION('',(0.,0.,1.));
#2446=DIRECTION('center_axis',(0.,0.,1.));
#2447=DIRECTION('ref_axis',(0.791782255563445,0.610803454291856,0.));
#2448=DIRECTION('',(0.,0.,1.));
#2449=DIRECTION('center_axis',(0.,0.,1.));
#2450=DIRECTION('ref_axis',(0.791782255563445,0.610803454291856,0.));
#2451=DIRECTION('center_axis',(0.7917822555635,0.610803454291785,0.));
#2452=DIRECTION('ref_axis',(-0.610803454291785,0.7917822555635,0.));
#2453=DIRECTION('',(0.,0.,1.));
#2454=DIRECTION('',(-0.610803454291785,0.7917822555635,0.));
#2455=DIRECTION('center_axis',(0.,0.,1.));
#2456=DIRECTION('ref_axis',(1.,0.,0.));
#2457=DIRECTION('',(0.,0.,1.));
#2458=DIRECTION('center_axis',(0.,0.,1.));
#2459=DIRECTION('ref_axis',(1.,0.,0.));
#2460=DIRECTION('center_axis',(1.,-6.05375729309169E-16,0.));
#2461=DIRECTION('ref_axis',(6.05375729309169E-16,1.,0.));
#2462=DIRECTION('',(0.,0.,1.));
#2463=DIRECTION('',(6.05375729309169E-16,1.,0.));
#2464=DIRECTION('center_axis',(0.,0.,1.));
#2465=DIRECTION('ref_axis',(-1.,0.,0.));
#2466=DIRECTION('center_axis',(0.,0.,-1.));
#2467=DIRECTION('ref_axis',(-1.,0.,0.));
#2468=DIRECTION('',(0.,1.,0.));
#2469=DIRECTION('',(1.,0.,0.));
#2470=DIRECTION('',(0.610803454291821,-0.791782255563472,0.));
#2471=DIRECTION('',(0.,-1.,0.));
#2472=DIRECTION('',(-1.,0.,0.));
#2473=DIRECTION('center_axis',(0.,0.,-1.));
#2474=DIRECTION('ref_axis',(-1.,0.,0.));
#2475=DIRECTION('center_axis',(0.,0.,-1.));
#2476=DIRECTION('ref_axis',(-1.,0.,0.));
#2477=DIRECTION('center_axis',(0.,0.,-1.));
#2478=DIRECTION('ref_axis',(-1.,0.,0.));
#2479=DIRECTION('center_axis',(0.,0.,-1.));
#2480=DIRECTION('ref_axis',(-1.,0.,0.));
#2481=DIRECTION('center_axis',(0.,0.,1.));
#2482=DIRECTION('ref_axis',(-1.,0.,0.));
#2483=DIRECTION('',(0.,0.,-1.));
#2484=DIRECTION('center_axis',(0.,0.,-1.));
#2485=DIRECTION('ref_axis',(-1.,0.,0.));
#2486=DIRECTION('center_axis',(0.,1.,0.));
#2487=DIRECTION('ref_axis',(-1.,0.,0.));
#2488=DIRECTION('',(-1.,0.,0.));
#2489=DIRECTION('',(0.,0.,1.));
#2490=DIRECTION('',(0.,0.,1.));
#2491=DIRECTION('center_axis',(-1.,0.,0.));
#2492=DIRECTION('ref_axis',(0.,-1.,0.));
#2493=DIRECTION('',(0.,-1.,0.));
#2494=DIRECTION('',(0.,0.,1.));
#2495=DIRECTION('center_axis',(-0.791782255563472,-0.610803454291821,0.));
#2496=DIRECTION('ref_axis',(0.610803454291821,-0.791782255563472,0.));
#2497=DIRECTION('',(0.610803454291821,-0.791782255563472,0.));
#2498=DIRECTION('',(0.,0.,1.));
#2499=DIRECTION('center_axis',(0.,-1.,0.));
#2500=DIRECTION('ref_axis',(1.,0.,0.));
#2501=DIRECTION('',(1.,0.,0.));
#2502=DIRECTION('',(0.,0.,1.));
#2503=DIRECTION('center_axis',(1.,0.,0.));
#2504=DIRECTION('ref_axis',(0.,1.,0.));
#2505=DIRECTION('',(0.,1.,0.));
#2506=DIRECTION('center_axis',(0.,0.,1.));
#2507=DIRECTION('ref_axis',(-1.,0.,0.));
#2508=DIRECTION('',(0.,0.,-1.));
#2509=DIRECTION('center_axis',(0.,0.,-1.));
#2510=DIRECTION('ref_axis',(-1.,0.,0.));
#2511=DIRECTION('center_axis',(0.,0.,1.));
#2512=DIRECTION('ref_axis',(-1.,0.,0.));
#2513=DIRECTION('',(0.,0.,-1.));
#2514=DIRECTION('center_axis',(0.,0.,-1.));
#2515=DIRECTION('ref_axis',(-1.,0.,0.));
#2516=DIRECTION('center_axis',(0.,0.,1.));
#2517=DIRECTION('ref_axis',(-1.,0.,0.));
#2518=DIRECTION('',(0.,0.,-1.));
#2519=DIRECTION('center_axis',(0.,0.,-1.));
#2520=DIRECTION('ref_axis',(-1.,0.,0.));
#2521=DIRECTION('center_axis',(0.,0.,1.));
#2522=DIRECTION('ref_axis',(-1.,0.,0.));
#2523=DIRECTION('',(0.,0.,-1.));
#2524=DIRECTION('center_axis',(0.,0.,-1.));
#2525=DIRECTION('ref_axis',(-1.,0.,0.));
#2526=DIRECTION('center_axis',(0.,0.,1.));
#2527=DIRECTION('ref_axis',(0.,-1.,0.));
#2528=DIRECTION('',(0.,0.,1.));
#2529=DIRECTION('center_axis',(0.,0.,1.));
#2530=DIRECTION('ref_axis',(0.,-1.,0.));
#2531=DIRECTION('center_axis',(-3.0696289136749E-17,-1.,0.));
#2532=DIRECTION('ref_axis',(1.,-3.0696289136749E-17,0.));
#2533=DIRECTION('',(0.,0.,1.));
#2534=DIRECTION('',(1.,-3.0696289136749E-17,0.));
#2535=DIRECTION('center_axis',(0.,0.,1.));
#2536=DIRECTION('ref_axis',(-1.,1.33226762955019E-15,0.));
#2537=DIRECTION('',(0.,0.,1.));
#2538=DIRECTION('center_axis',(0.,0.,1.));
#2539=DIRECTION('ref_axis',(-1.,1.33226762955019E-15,0.));
#2540=DIRECTION('center_axis',(-1.,0.,0.));
#2541=DIRECTION('ref_axis',(0.,-1.,0.));
#2542=DIRECTION('',(0.,0.,1.));
#2543=DIRECTION('',(0.,-1.,0.));
#2544=DIRECTION('center_axis',(0.,0.,1.));
#2545=DIRECTION('ref_axis',(-1.38589957030533E-5,0.999999999903964,0.));
#2546=DIRECTION('center_axis',(0.,0.,1.));
#2547=DIRECTION('ref_axis',(-1.38589957030533E-5,0.999999999903964,0.));
#2548=DIRECTION('center_axis',(0.,0.,1.));
#2549=DIRECTION('ref_axis',(-1.,0.,0.));
#2550=DIRECTION('center_axis',(0.,0.,1.));
#2551=DIRECTION('ref_axis',(1.,0.,0.));
#2552=DIRECTION('center_axis',(0.,0.,-1.));
#2553=DIRECTION('ref_axis',(1.,0.,0.));
#2554=DIRECTION('',(0.,0.,-1.));
#2555=DIRECTION('center_axis',(0.,0.,-1.));
#2556=DIRECTION('ref_axis',(1.,0.,0.));
#2557=DIRECTION('center_axis',(0.,-1.,0.));
#2558=DIRECTION('ref_axis',(1.,0.,0.));
#2559=DIRECTION('',(1.,0.,0.));
#2560=DIRECTION('',(0.,0.,1.));
#2561=DIRECTION('',(1.,0.,0.));
#2562=DIRECTION('',(0.,0.,1.));
#2563=DIRECTION('center_axis',(1.,0.,0.));
#2564=DIRECTION('ref_axis',(0.,1.,0.));
#2565=DIRECTION('',(0.,1.,0.));
#2566=DIRECTION('',(0.,1.,0.));
#2567=DIRECTION('',(0.,0.,1.));
#2568=DIRECTION('center_axis',(0.,1.,0.));
#2569=DIRECTION('ref_axis',(-1.,0.,0.));
#2570=DIRECTION('',(-1.,0.,0.));
#2571=DIRECTION('',(-1.,0.,0.));
#2572=DIRECTION('',(0.,0.,1.));
#2573=DIRECTION('center_axis',(-1.,0.,0.));
#2574=DIRECTION('ref_axis',(0.,-1.,0.));
#2575=DIRECTION('',(0.,-1.,0.));
#2576=DIRECTION('',(0.,-1.,0.));
#2577=DIRECTION('center_axis',(0.,0.,1.));
#2578=DIRECTION('ref_axis',(1.,0.,0.));
#2579=DIRECTION('center_axis',(0.,0.,-1.));
#2580=DIRECTION('ref_axis',(1.,0.,0.));
#2581=DIRECTION('',(0.,0.,-1.));
#2582=DIRECTION('center_axis',(0.,0.,-1.));
#2583=DIRECTION('ref_axis',(1.,0.,0.));
#2584=DIRECTION('center_axis',(0.,-1.,0.));
#2585=DIRECTION('ref_axis',(1.,0.,0.));
#2586=DIRECTION('',(1.,0.,0.));
#2587=DIRECTION('',(0.,0.,1.));
#2588=DIRECTION('',(1.,0.,0.));
#2589=DIRECTION('',(0.,0.,1.));
#2590=DIRECTION('center_axis',(1.,0.,0.));
#2591=DIRECTION('ref_axis',(0.,1.,0.));
#2592=DIRECTION('',(0.,1.,0.));
#2593=DIRECTION('',(0.,1.,0.));
#2594=DIRECTION('',(0.,0.,1.));
#2595=DIRECTION('center_axis',(0.,1.,0.));
#2596=DIRECTION('ref_axis',(-1.,0.,0.));
#2597=DIRECTION('',(-1.,0.,0.));
#2598=DIRECTION('',(-1.,0.,0.));
#2599=DIRECTION('',(0.,0.,1.));
#2600=DIRECTION('center_axis',(-0.791782255563472,-0.610803454291821,0.));
#2601=DIRECTION('ref_axis',(0.610803454291821,-0.791782255563472,0.));
#2602=DIRECTION('',(0.610803454291821,-0.791782255563472,0.));
#2603=DIRECTION('',(0.610803454291821,-0.791782255563472,0.));
#2604=DIRECTION('center_axis',(0.,0.,1.));
#2605=DIRECTION('ref_axis',(1.,0.,0.));
#2606=DIRECTION('center_axis',(0.,0.,-1.));
#2607=DIRECTION('ref_axis',(1.,0.,0.));
#2608=DIRECTION('',(0.,0.,-1.));
#2609=DIRECTION('center_axis',(0.,0.,-1.));
#2610=DIRECTION('ref_axis',(1.,0.,0.));
#2611=DIRECTION('center_axis',(0.,0.,1.));
#2612=DIRECTION('ref_axis',(1.,0.,0.));
#2613=DIRECTION('center_axis',(0.,0.,-1.));
#2614=DIRECTION('ref_axis',(1.,0.,0.));
#2615=DIRECTION('',(0.,0.,-1.));
#2616=DIRECTION('center_axis',(0.,0.,-1.));
#2617=DIRECTION('ref_axis',(1.,0.,0.));
#2618=DIRECTION('center_axis',(0.,-1.,0.));
#2619=DIRECTION('ref_axis',(1.,0.,0.));
#2620=DIRECTION('',(1.,0.,0.));
#2621=DIRECTION('',(0.,0.,1.));
#2622=DIRECTION('',(1.,0.,0.));
#2623=DIRECTION('',(0.,0.,1.));
#2624=DIRECTION('center_axis',(1.,0.,0.));
#2625=DIRECTION('ref_axis',(0.,1.,0.));
#2626=DIRECTION('',(0.,1.,0.));
#2627=DIRECTION('',(0.,1.,0.));
#2628=DIRECTION('',(0.,0.,1.));
#2629=DIRECTION('center_axis',(0.,1.,0.));
#2630=DIRECTION('ref_axis',(-1.,0.,0.));
#2631=DIRECTION('',(-1.,0.,0.));
#2632=DIRECTION('',(-1.,0.,0.));
#2633=DIRECTION('',(0.,0.,1.));
#2634=DIRECTION('center_axis',(-1.,0.,0.));
#2635=DIRECTION('ref_axis',(0.,-1.,0.));
#2636=DIRECTION('',(0.,-1.,0.));
#2637=DIRECTION('',(0.,-1.,0.));
#2638=DIRECTION('center_axis',(0.,0.,1.));
#2639=DIRECTION('ref_axis',(1.,0.,0.));
#2640=DIRECTION('center_axis',(0.,0.,-1.));
#2641=DIRECTION('ref_axis',(1.,0.,0.));
#2642=DIRECTION('',(0.,0.,-1.));
#2643=DIRECTION('center_axis',(0.,0.,-1.));
#2644=DIRECTION('ref_axis',(1.,0.,0.));
#2645=DIRECTION('center_axis',(0.,-1.,0.));
#2646=DIRECTION('ref_axis',(1.,0.,0.));
#2647=DIRECTION('',(1.,0.,0.));
#2648=DIRECTION('',(0.,0.,1.));
#2649=DIRECTION('',(1.,0.,0.));
#2650=DIRECTION('',(0.,0.,1.));
#2651=DIRECTION('center_axis',(1.,0.,0.));
#2652=DIRECTION('ref_axis',(0.,1.,0.));
#2653=DIRECTION('',(0.,1.,0.));
#2654=DIRECTION('',(0.,1.,0.));
#2655=DIRECTION('',(0.,0.,1.));
#2656=DIRECTION('center_axis',(0.,1.,0.));
#2657=DIRECTION('ref_axis',(-1.,0.,0.));
#2658=DIRECTION('',(-1.,0.,0.));
#2659=DIRECTION('',(-1.,0.,0.));
#2660=DIRECTION('',(0.,0.,1.));
#2661=DIRECTION('center_axis',(-1.,0.,0.));
#2662=DIRECTION('ref_axis',(0.,-1.,0.));
#2663=DIRECTION('',(0.,-1.,0.));
#2664=DIRECTION('',(0.,-1.,0.));
#2665=DIRECTION('center_axis',(0.,-1.,0.));
#2666=DIRECTION('ref_axis',(1.,0.,0.));
#2667=DIRECTION('',(1.,0.,0.));
#2668=DIRECTION('',(0.,0.,1.));
#2669=DIRECTION('',(1.,0.,0.));
#2670=DIRECTION('',(0.,0.,1.));
#2671=DIRECTION('center_axis',(1.,0.,0.));
#2672=DIRECTION('ref_axis',(0.,1.,0.));
#2673=DIRECTION('',(0.,1.,0.));
#2674=DIRECTION('',(0.,1.,0.));
#2675=DIRECTION('',(0.,0.,1.));
#2676=DIRECTION('center_axis',(0.,1.,0.));
#2677=DIRECTION('ref_axis',(-1.,0.,0.));
#2678=DIRECTION('',(-1.,0.,0.));
#2679=DIRECTION('',(-1.,0.,0.));
#2680=DIRECTION('',(0.,0.,1.));
#2681=DIRECTION('center_axis',(-1.,0.,0.));
#2682=DIRECTION('ref_axis',(0.,-1.,0.));
#2683=DIRECTION('',(0.,-1.,0.));
#2684=DIRECTION('',(0.,-1.,0.));
#2685=DIRECTION('center_axis',(-1.,-1.52314861383613E-16,0.));
#2686=DIRECTION('ref_axis',(1.52314861383613E-16,-1.,0.));
#2687=DIRECTION('',(-1.52314861383613E-16,1.,0.));
#2688=DIRECTION('',(0.,0.,1.));
#2689=DIRECTION('',(1.52314861383613E-16,-1.,0.));
#2690=DIRECTION('',(0.,0.,1.));
#2691=DIRECTION('center_axis',(0.,0.,1.));
#2692=DIRECTION('ref_axis',(-1.24650780177354E-15,1.,0.));
#2693=DIRECTION('center_axis',(0.,0.,1.));
#2694=DIRECTION('ref_axis',(-1.24650780177354E-15,1.,0.));
#2695=DIRECTION('center_axis',(0.,0.,1.));
#2696=DIRECTION('ref_axis',(-1.24650780177354E-15,1.,0.));
#2697=DIRECTION('',(0.,0.,1.));
#2698=DIRECTION('center_axis',(0.,1.,0.));
#2699=DIRECTION('ref_axis',(-1.,0.,0.));
#2700=DIRECTION('',(1.,0.,0.));
#2701=DIRECTION('',(-1.,0.,0.));
#2702=DIRECTION('',(0.,0.,1.));
#2703=DIRECTION('center_axis',(0.,0.,1.));
#2704=DIRECTION('ref_axis',(0.772064341879192,0.635544374531511,0.));
#2705=DIRECTION('center_axis',(0.,0.,1.));
#2706=DIRECTION('ref_axis',(0.772064341879192,0.635544374531511,0.));
#2707=DIRECTION('center_axis',(0.,0.,1.));
#2708=DIRECTION('ref_axis',(0.772064341879192,0.635544374531511,0.));
#2709=DIRECTION('',(0.,0.,1.));
#2710=DIRECTION('center_axis',(0.772064341879191,0.635544374531513,0.));
#2711=DIRECTION('ref_axis',(-0.635544374531513,0.772064341879191,0.));
#2712=DIRECTION('',(0.635544374531513,-0.772064341879191,0.));
#2713=DIRECTION('',(-0.635544374531513,0.772064341879191,0.));
#2714=DIRECTION('',(0.,0.,1.));
#2715=DIRECTION('center_axis',(0.,0.,1.));
#2716=DIRECTION('ref_axis',(1.,2.09501064579679E-15,0.));
#2717=DIRECTION('center_axis',(0.,0.,1.));
#2718=DIRECTION('ref_axis',(1.,2.09501064579679E-15,0.));
#2719=DIRECTION('center_axis',(0.,0.,1.));
#2720=DIRECTION('ref_axis',(1.,2.09501064579679E-15,0.));
#2721=DIRECTION('',(0.,0.,1.));
#2722=DIRECTION('center_axis',(1.,-6.05374955548857E-16,0.));
#2723=DIRECTION('ref_axis',(6.05374955548857E-16,1.,0.));
#2724=DIRECTION('',(6.05374955548857E-16,1.,0.));
#2725=DIRECTION('',(6.05374955548857E-16,1.,0.));
#2726=DIRECTION('',(0.,0.,1.));
#2727=DIRECTION('center_axis',(0.,0.,1.));
#2728=DIRECTION('ref_axis',(-1.77635683940025E-15,-1.,0.));
#2729=DIRECTION('center_axis',(0.,0.,1.));
#2730=DIRECTION('ref_axis',(-1.77635683940025E-15,-1.,0.));
#2731=DIRECTION('center_axis',(0.,0.,1.));
#2732=DIRECTION('ref_axis',(-1.77635683940025E-15,-1.,0.));
#2733=DIRECTION('',(0.,0.,1.));
#2734=DIRECTION('center_axis',(0.,-1.,0.));
#2735=DIRECTION('ref_axis',(1.,0.,0.));
#2736=DIRECTION('',(1.,0.,0.));
#2737=DIRECTION('',(1.,0.,0.));
#2738=DIRECTION('',(0.,0.,1.));
#2739=DIRECTION('center_axis',(0.,0.,1.));
#2740=DIRECTION('ref_axis',(-1.,8.88178419700126E-16,0.));
#2741=DIRECTION('center_axis',(0.,0.,1.));
#2742=DIRECTION('ref_axis',(-1.,8.88178419700126E-16,0.));
#2743=DIRECTION('center_axis',(0.,0.,1.));
#2744=DIRECTION('ref_axis',(-1.,8.88178419700126E-16,0.));
#2745=DIRECTION('center_axis',(0.,0.,1.));
#2746=DIRECTION('ref_axis',(1.,0.,0.));
#2747=DIRECTION('center_axis',(0.,0.,1.));
#2748=DIRECTION('ref_axis',(1.,0.,0.));
#2749=CARTESIAN_POINT('',(0.,0.,0.));
#2750=CARTESIAN_POINT('Origin',(43.3694166896283,121.520588045825,24.7406054819354));
#2751=CARTESIAN_POINT('',(52.3331420872655,126.520588045825,25.5478396460753));
#2752=CARTESIAN_POINT('',(52.3331420872655,116.520588045825,25.5478396460753));
#2753=CARTESIAN_POINT('',(52.3331420872655,121.520588045825,25.5478396460753));
#2754=CARTESIAN_POINT('',(34.4056912919911,126.520588045825,25.5478396460753));
#2755=CARTESIAN_POINT('Origin',(43.3694166896283,126.520588045825,24.7406054819354));
#2756=CARTESIAN_POINT('',(34.4056912919911,116.520588045825,25.5478396460753));
#2757=CARTESIAN_POINT('',(34.4056912919911,121.520588045825,25.5478396460753));
#2758=CARTESIAN_POINT('Origin',(43.3694166896283,116.520588045825,24.7406054819354));
#2759=CARTESIAN_POINT('Origin',(0.608963985113746,116.520588045825,12.5478396460753));
#2760=CARTESIAN_POINT('',(0.608963985113746,116.520588045825,25.5478396460753));
#2761=CARTESIAN_POINT('',(0.608963985113746,116.520588045825,25.5478396460753));
#2762=CARTESIAN_POINT('',(0.608963985113746,116.520588045825,15.5478396460753));
#2763=CARTESIAN_POINT('',(0.608963985113746,116.520588045825,12.5478396460753));
#2764=CARTESIAN_POINT('',(117.848963985114,116.520588045825,15.5478396460753));
#2765=CARTESIAN_POINT('',(0.608963985113746,116.520588045825,15.5478396460753));
#2766=CARTESIAN_POINT('',(117.848963985114,116.520588045825,25.5478396460753));
#2767=CARTESIAN_POINT('',(117.848963985114,116.520588045825,12.5478396460753));
#2768=CARTESIAN_POINT('',(0.608963985113746,116.520588045825,25.5478396460753));
#2769=CARTESIAN_POINT('Origin',(145.280963985114,87.5516724122692,15.5478396460753));
#2770=CARTESIAN_POINT('',(155.280963985114,87.5516724122692,15.5478396460753));
#2771=CARTESIAN_POINT('',(152.280963985114,87.5516724122692,12.5478396460753));
#2772=CARTESIAN_POINT('Origin',(152.280963985114,87.5516724122692,15.5478396460753));
#2773=CARTESIAN_POINT('',(150.823439774058,91.827296592312,12.5478396460753));
#2774=CARTESIAN_POINT('Origin',(145.280963985114,87.5516724122692,12.5478396460753));
#2775=CARTESIAN_POINT('',(153.198786540748,93.6597069551874,15.5478396460753));
#2776=CARTESIAN_POINT('Origin',(150.823439774058,91.827296592312,15.5478396460753));
#2777=CARTESIAN_POINT('Origin',(145.280963985114,87.5516724122692,15.5478396460753));
#2778=CARTESIAN_POINT('Origin',(137.375090420499,109.26034205063,15.5478396460753));
#2779=CARTESIAN_POINT('',(128.475990571029,120.796212225868,12.5478396460753));
#2780=CARTESIAN_POINT('',(130.85133733772,122.628622588743,15.5478396460753));
#2781=CARTESIAN_POINT('Origin',(128.475990571029,120.796212225868,15.5478396460753));
#2782=CARTESIAN_POINT('',(139.750437187189,111.092752413505,15.5478396460753));
#2783=CARTESIAN_POINT('',(137.375090420499,109.26034205063,12.5478396460753));
#2784=CARTESIAN_POINT('Origin',(122.933514782085,116.520588045825,15.5478396460753));
#2785=CARTESIAN_POINT('',(122.933514782085,123.520588045825,12.5478396460753));
#2786=CARTESIAN_POINT('',(122.933514782085,126.520588045825,15.5478396460753));
#2787=CARTESIAN_POINT('Origin',(122.933514782085,123.520588045825,15.5478396460753));
#2788=CARTESIAN_POINT('Origin',(122.933514782085,116.520588045825,15.5478396460753));
#2789=CARTESIAN_POINT('Origin',(122.933514782085,116.520588045825,12.5478396460753));
#2790=CARTESIAN_POINT('Origin',(97.9392393835994,123.520588045825,15.5478396460753));
#2791=CARTESIAN_POINT('',(0.608963985113737,123.520588045825,12.5478396460753));
#2792=CARTESIAN_POINT('',(0.608963985113746,126.520588045825,15.5478396460753));
#2793=CARTESIAN_POINT('Origin',(0.608963985113737,123.520588045825,15.5478396460753));
#2794=CARTESIAN_POINT('',(97.9392393835994,126.520588045825,15.5478396460753));
#2795=CARTESIAN_POINT('',(97.9392393835994,123.520588045825,12.5478396460753));
#2796=CARTESIAN_POINT('Origin',(0.608963985113737,116.520588045825,15.5478396460753));
#2797=CARTESIAN_POINT('',(-2.90497786379627,122.574695137914,12.5478396460753));
#2798=CARTESIAN_POINT('',(-4.84103667053735,121.208588677427,12.5537908841216));
#2799=CARTESIAN_POINT('Ctrl Pts',(-2.90497786379626,122.574695137914,12.5478396460753));
#2800=CARTESIAN_POINT('Ctrl Pts',(-3.05954924447825,122.629691423728,12.5478396460753));
#2801=CARTESIAN_POINT('Ctrl Pts',(-3.22201672278442,122.657940167688,12.5555889769926));
#2802=CARTESIAN_POINT('Ctrl Pts',(-3.56368338891323,122.659273437965,12.5759063124405));
#2803=CARTESIAN_POINT('Ctrl Pts',(-3.74050841964147,122.627060405147,12.5885706896915));
#2804=CARTESIAN_POINT('Ctrl Pts',(-4.07943004540757,122.498045978966,12.6069244124948));
#2805=CARTESIAN_POINT('Ctrl Pts',(-4.23760785586959,122.400149486844,12.6120483174514));
#2806=CARTESIAN_POINT('Ctrl Pts',(-4.51275604068826,122.146783710403,12.6096625474038));
#2807=CARTESIAN_POINT('Ctrl Pts',(-4.62526627219809,121.992655594084,12.6018213947665));
#2808=CARTESIAN_POINT('Ctrl Pts',(-4.78616751520502,121.647826402075,12.5796392524783));
#2809=CARTESIAN_POINT('Ctrl Pts',(-4.83183151723887,121.459937182864,12.5655553005539));
#2810=CARTESIAN_POINT('Ctrl Pts',(-4.84061942896676,121.248773507933,12.5555133277935));
#2811=CARTESIAN_POINT('Ctrl Pts',(-4.84103667079075,121.228671932374,12.5546170480755));
#2812=CARTESIAN_POINT('Ctrl Pts',(-4.84103667053735,121.20858866828,12.5537908841216));
#2813=CARTESIAN_POINT('',(-4.81661811121098,120.943602732217,12.5478396460753));
#2814=CARTESIAN_POINT('Ctrl Pts',(-4.84103667053735,121.20858866828,12.5537908841216));
#2815=CARTESIAN_POINT('Ctrl Pts',(-4.84103666941363,121.119526729606,12.5501271488315));
#2816=CARTESIAN_POINT('Ctrl Pts',(-4.83283092008486,121.030825013443,12.5478396460753));
#2817=CARTESIAN_POINT('Ctrl Pts',(-4.81661811121098,120.943602732217,12.5478396460753));
#2818=CARTESIAN_POINT('',(-6.39103601488625,116.520588045825,12.5478396460753));
#2819=CARTESIAN_POINT('Origin',(0.608963985113737,116.520588045825,12.5478396460753));
#2820=CARTESIAN_POINT('',(-9.39103601488625,116.520588045825,15.5478396460753));
#2821=CARTESIAN_POINT('Origin',(-6.39103601488625,116.520588045825,15.5478396460753));
#2822=CARTESIAN_POINT('Origin',(0.608963985113737,116.520588045825,15.5478396460753));
#2823=CARTESIAN_POINT('Origin',(0.608963985113737,116.520588045825,12.5478396460753));
#2824=CARTESIAN_POINT('Origin',(-6.39103601488625,101.942588045825,15.5478396460753));
#2825=CARTESIAN_POINT('',(-6.39103601488624,58.208588045825,12.5478396460753));
#2826=CARTESIAN_POINT('',(-9.39103601488624,58.208588045825,15.5478396460753));
#2827=CARTESIAN_POINT('Origin',(-6.39103601488624,58.208588045825,15.5478396460753));
#2828=CARTESIAN_POINT('',(-9.39103601488625,101.942588045825,15.5478396460753));
#2829=CARTESIAN_POINT('',(-6.39103601488625,101.942588045825,12.5478396460753));
#2830=CARTESIAN_POINT('Origin',(0.608963985113746,58.208588045825,15.5478396460753));
#2831=CARTESIAN_POINT('',(0.608963985113746,51.208588045825,12.5478396460753));
#2832=CARTESIAN_POINT('',(0.608963985113746,48.208588045825,15.5478396460753));
#2833=CARTESIAN_POINT('Origin',(0.608963985113746,51.208588045825,15.5478396460753));
#2834=CARTESIAN_POINT('Origin',(0.608963985113746,58.208588045825,15.5478396460753));
#2835=CARTESIAN_POINT('Origin',(0.608963985113746,58.208588045825,12.5478396460753));
#2836=CARTESIAN_POINT('Origin',(36.7769639851137,51.208588045825,15.5478396460753));
#2837=CARTESIAN_POINT('',(145.280963985114,51.208588045825,12.5478396460753));
#2838=CARTESIAN_POINT('',(145.280963985114,48.208588045825,15.5478396460753));
#2839=CARTESIAN_POINT('Origin',(145.280963985114,51.208588045825,15.5478396460753));
#2840=CARTESIAN_POINT('',(36.7769639851137,48.208588045825,15.5478396460753));
#2841=CARTESIAN_POINT('',(36.7769639851137,51.208588045825,12.5478396460753));
#2842=CARTESIAN_POINT('Origin',(145.280963985114,58.208588045825,15.5478396460753));
#2843=CARTESIAN_POINT('',(152.280963985114,58.208588045825,12.5478396460753));
#2844=CARTESIAN_POINT('',(155.280963985114,58.208588045825,15.5478396460753));
#2845=CARTESIAN_POINT('Origin',(152.280963985114,58.208588045825,15.5478396460753));
#2846=CARTESIAN_POINT('Origin',(145.280963985114,58.208588045825,15.5478396460753));
#2847=CARTESIAN_POINT('Origin',(145.280963985114,58.208588045825,12.5478396460753));
#2848=CARTESIAN_POINT('Origin',(152.280963985114,72.786588045825,15.5478396460753));
#2849=CARTESIAN_POINT('',(155.280963985114,72.786588045825,15.5478396460753));
#2850=CARTESIAN_POINT('',(152.280963985114,72.786588045825,12.5478396460753));
#2851=CARTESIAN_POINT('Origin',(0.608963985113746,58.208588045825,12.5478396460753));
#2852=CARTESIAN_POINT('',(0.608963985113746,48.208588045825,25.5478396460753));
#2853=CARTESIAN_POINT('',(0.608963985113746,48.208588045825,12.5478396460753));
#2854=CARTESIAN_POINT('',(-9.39103601488624,58.208588045825,25.5478396460753));
#2855=CARTESIAN_POINT('Origin',(0.608963985113746,58.208588045825,25.5478396460753));
#2856=CARTESIAN_POINT('',(-9.39103601488624,58.208588045825,12.5478396460753));
#2857=CARTESIAN_POINT('Origin',(0.608963985113746,48.208588045825,12.5478396460753));
#2858=CARTESIAN_POINT('',(145.280963985114,48.208588045825,25.5478396460753));
#2859=CARTESIAN_POINT('',(145.280963985114,48.208588045825,12.5478396460753));
#2860=CARTESIAN_POINT('',(0.608963985113746,48.208588045825,25.5478396460753));
#2861=CARTESIAN_POINT('Origin',(145.280963985114,58.208588045825,12.5478396460753));
#2862=CARTESIAN_POINT('',(155.280963985114,58.208588045825,25.5478396460753));
#2863=CARTESIAN_POINT('',(155.280963985114,58.208588045825,12.5478396460753));
#2864=CARTESIAN_POINT('Origin',(145.280963985114,58.208588045825,25.5478396460753));
#2865=CARTESIAN_POINT('Origin',(155.280963985114,58.208588045825,12.5478396460753));
#2866=CARTESIAN_POINT('',(155.280963985114,87.5516724122692,25.5478396460753));
#2867=CARTESIAN_POINT('',(155.280963985114,87.5516724122692,12.5478396460753));
#2868=CARTESIAN_POINT('',(155.280963985114,73.208588045825,25.5478396460753));
#2869=CARTESIAN_POINT('Origin',(145.280963985114,87.5516724122692,12.5478396460753));
#2870=CARTESIAN_POINT('',(153.198786540748,93.6597069551874,25.5478396460753));
#2871=CARTESIAN_POINT('',(153.198786540748,93.6597069551874,12.5478396460753));
#2872=CARTESIAN_POINT('Origin',(145.280963985114,87.5516724122692,25.5478396460753));
#2873=CARTESIAN_POINT('Origin',(-3.39103667053735,121.208588686575,12.5478396460753));
#2874=CARTESIAN_POINT('',(-4.84103667053735,121.208588686575,25.5478396460753));
#2875=CARTESIAN_POINT('Origin',(-3.39103667053735,121.208588686575,25.5478396460753));
#2876=CARTESIAN_POINT('',(-4.84103667053735,121.208588686575,12.5478396460753));
#2877=CARTESIAN_POINT('Origin',(-3.39103667053735,121.208588686575,12.5478396460753));
#2878=CARTESIAN_POINT('Origin',(145.280963985114,80.960588045825,12.5478396460753));
#2879=CARTESIAN_POINT('',(145.280963985114,58.208588045825,15.5478396460753));
#2880=CARTESIAN_POINT('',(145.280963985114,80.960588045825,15.5478396460753));
#2881=CARTESIAN_POINT('',(145.280963985114,73.208588045825,15.5478396460753));
#2882=CARTESIAN_POINT('',(145.280963985114,58.208588045825,25.5478396460753));
#2883=CARTESIAN_POINT('',(145.280963985114,58.208588045825,12.5478396460753));
#2884=CARTESIAN_POINT('',(145.280963985114,80.960588045825,25.5478396460753));
#2885=CARTESIAN_POINT('',(145.280963985114,73.208588045825,25.5478396460753));
#2886=CARTESIAN_POINT('',(145.280963985114,80.960588045825,12.5478396460753));
#2887=CARTESIAN_POINT('Origin',(145.280963985114,58.208588045825,12.5478396460753));
#2888=CARTESIAN_POINT('',(0.608963985113746,58.208588045825,15.5478396460753));
#2889=CARTESIAN_POINT('',(0.608963985113746,58.208588045825,15.5478396460753));
#2890=CARTESIAN_POINT('',(0.608963985113746,58.208588045825,25.5478396460753));
#2891=CARTESIAN_POINT('',(0.608963985113746,58.208588045825,12.5478396460753));
#2892=CARTESIAN_POINT('',(0.608963985113746,58.208588045825,25.5478396460753));
#2893=CARTESIAN_POINT('Origin',(149.155869995382,87.5516724122692,12.5478396460753));
#2894=CARTESIAN_POINT('',(147.705869995382,87.5516724122692,25.5478396460753));
#2895=CARTESIAN_POINT('Origin',(149.155869995382,87.5516724122692,25.5478396460753));
#2896=CARTESIAN_POINT('',(147.705869995382,87.5516724122692,12.5478396460753));
#2897=CARTESIAN_POINT('',(147.705869995382,87.5516724122692,12.5478396460753));
#2898=CARTESIAN_POINT('Origin',(149.155869995382,87.5516724122692,12.5478396460753));
#2899=CARTESIAN_POINT('Origin',(148.608965594439,54.2085876881971,12.5478396460753));
#2900=CARTESIAN_POINT('',(147.158965594439,54.2085876881971,25.5478396460753));
#2901=CARTESIAN_POINT('Origin',(148.608965594439,54.2085876881971,25.5478396460753));
#2902=CARTESIAN_POINT('',(147.158965594439,54.2085876881971,12.5478396460753));
#2903=CARTESIAN_POINT('',(147.158965594439,54.2085876881971,12.5478396460753));
#2904=CARTESIAN_POINT('Origin',(148.608965594439,54.2085876881971,12.5478396460753));
#2905=CARTESIAN_POINT('Origin',(-2.39103665563619,54.2085876881971,12.5478396460753));
#2906=CARTESIAN_POINT('',(-3.84103665563618,54.2085876881971,25.5478396460753));
#2907=CARTESIAN_POINT('Origin',(-2.39103665563619,54.2085876881971,25.5478396460753));
#2908=CARTESIAN_POINT('',(-3.84103665563618,54.2085876881971,12.5478396460753));
#2909=CARTESIAN_POINT('',(-3.84103665563618,54.2085876881971,12.5478396460753));
#2910=CARTESIAN_POINT('Origin',(-2.39103665563619,54.2085876881971,12.5478396460753));
#2911=CARTESIAN_POINT('Origin',(117.848963985114,116.520588045825,12.5478396460753));
#2912=CARTESIAN_POINT('',(117.848963985114,116.520588045825,15.5478396460753));
#2913=CARTESIAN_POINT('',(117.848963985114,116.520588045825,25.5478396460753));
#2914=CARTESIAN_POINT('Origin',(0.608963985113746,58.208588045825,12.5478396460753));
#2915=CARTESIAN_POINT('',(0.608963985113746,73.208588045825,15.5478396460753));
#2916=CARTESIAN_POINT('',(0.608963985113746,73.208588045825,25.5478396460753));
#2917=CARTESIAN_POINT('Origin',(122.933514782085,120.276958334514,12.5478396460753));
#2918=CARTESIAN_POINT('',(121.483514782085,120.276958334514,25.5478396460753));
#2919=CARTESIAN_POINT('Origin',(122.933514782085,120.276958334514,25.5478396460753));
#2920=CARTESIAN_POINT('',(121.483514782085,120.276958334514,12.5478396460753));
#2921=CARTESIAN_POINT('',(121.483514782085,120.276958334514,12.5478396460753));
#2922=CARTESIAN_POINT('Origin',(122.933514782085,120.276958334514,12.5478396460753));
#2923=CARTESIAN_POINT('Origin',(-9.39103601488625,116.520588045825,12.5478396460753));
#2924=CARTESIAN_POINT('',(-9.39103601488625,116.520588045825,25.5478396460753));
#2925=CARTESIAN_POINT('',(-9.39103601488624,73.208588045825,25.5478396460753));
#2926=CARTESIAN_POINT('',(-9.39103601488625,116.520588045825,12.5478396460753));
#2927=CARTESIAN_POINT('Origin',(0.608963985113737,116.520588045825,12.5478396460753));
#2928=CARTESIAN_POINT('',(0.608963985113746,126.520588045825,25.5478396460753));
#2929=CARTESIAN_POINT('Origin',(0.608963985113737,116.520588045825,25.5478396460753));
#2930=CARTESIAN_POINT('',(0.608963985113746,126.520588045825,12.5478396460753));
#2931=CARTESIAN_POINT('Origin',(122.933514782085,126.520588045825,12.5478396460753));
#2932=CARTESIAN_POINT('',(122.933514782085,126.520588045825,25.5478396460753));
#2933=CARTESIAN_POINT('',(0.608963985113746,126.520588045825,25.5478396460753));
#2934=CARTESIAN_POINT('',(122.933514782085,126.520588045825,12.5478396460753));
#2935=CARTESIAN_POINT('',(0.608963985113746,126.520588045825,25.5478396460753));
#2936=CARTESIAN_POINT('Origin',(122.933514782085,116.520588045825,12.5478396460753));
#2937=CARTESIAN_POINT('',(130.85133733772,122.628622588743,25.5478396460753));
#2938=CARTESIAN_POINT('Origin',(122.933514782085,116.520588045825,25.5478396460753));
#2939=CARTESIAN_POINT('',(130.85133733772,122.628622588743,12.5478396460753));
#2940=CARTESIAN_POINT('Origin',(153.198786540748,93.6597069551874,12.5478396460753));
#2941=CARTESIAN_POINT('',(130.85133733772,122.628622588743,25.5478396460753));
#2942=CARTESIAN_POINT('Origin',(83.5001480622894,110.371969069889,25.5478396460753));
#2943=CARTESIAN_POINT('Origin',(83.5001480622893,110.371969069889,15.5478396460753));
#2944=CARTESIAN_POINT('Origin',(72.9449639851137,87.364588045825,12.5478396460753));
#2945=CARTESIAN_POINT('Origin',(154.254140537472,72.4030072837567,32.8187096679613));
#2946=CARTESIAN_POINT('',(154.254140537472,57.8250490427186,33.8187096679613));
#2947=CARTESIAN_POINT('',(155.254140537472,57.8250490427186,32.8187096679613));
#2948=CARTESIAN_POINT('Origin',(154.254140537472,57.8250490427186,32.8187096679613));
#2949=CARTESIAN_POINT('',(155.254140537472,87.1680959043323,32.8187096679613));
#2950=CARTESIAN_POINT('',(155.254140537472,72.4030072837567,32.8187096679613));
#2951=CARTESIAN_POINT('',(154.254140537472,87.1680959043323,33.8187096679613));
#2952=CARTESIAN_POINT('Origin',(154.254140537472,87.1680959043323,32.8187096679613));
#2953=CARTESIAN_POINT('',(154.254140537472,72.4030072837567,33.8187096679613));
#2954=CARTESIAN_POINT('Origin',(145.254140537471,87.1680959043323,32.8187096679613));
#2955=CARTESIAN_POINT('',(153.171963093106,93.2761304472505,32.8187096679613));
#2956=CARTESIAN_POINT('',(152.380180837543,92.6653269929587,33.8187096679613));
#2957=CARTESIAN_POINT('Origin',(152.380180837543,92.6653269929587,32.8187096679613));
#2958=CARTESIAN_POINT('Origin',(145.254140537471,87.1680959043323,33.8187096679613));
#2959=CARTESIAN_POINT('Origin',(145.254140537471,87.1680959043323,32.8187096679613));
#2960=CARTESIAN_POINT('Origin',(138.931846996514,110.098352342442,32.8187096679613));
#2961=CARTESIAN_POINT('',(130.824613814007,122.24491654979,32.8187096679613));
#2962=CARTESIAN_POINT('',(130.032831558443,121.634113095498,33.8187096679613));
#2963=CARTESIAN_POINT('Origin',(130.032831558443,121.634113095498,32.8187096679613));
#2964=CARTESIAN_POINT('',(138.931846996514,110.098352342442,33.8187096679613));
#2965=CARTESIAN_POINT('',(139.723629252078,110.709155796734,32.8187096679613));
#2966=CARTESIAN_POINT('Origin',(122.906791258372,116.136882006871,32.8187096679613));
#2967=CARTESIAN_POINT('',(122.906652668415,126.136882005911,32.8187096679613));
#2968=CARTESIAN_POINT('',(122.906666527411,125.136882006007,33.8187096679613));
#2969=CARTESIAN_POINT('Origin',(122.906666527411,125.136882006007,32.8187096679613));
#2970=CARTESIAN_POINT('Origin',(122.906791258372,116.136882006871,33.8187096679613));
#2971=CARTESIAN_POINT('Origin',(122.906791258372,116.136882006871,32.8187096679613));
#2972=CARTESIAN_POINT('Origin',(97.9121508921352,125.136535607122,32.8187096679613));
#2973=CARTESIAN_POINT('',(0.582048972453357,126.135186709753,32.8187096679613));
#2974=CARTESIAN_POINT('',(0.582062831449051,125.135186709849,33.8187096679613));
#2975=CARTESIAN_POINT('Origin',(0.582062831449051,125.135186709849,32.8187096679613));
#2976=CARTESIAN_POINT('',(97.9121508921352,125.136535607122,33.8187096679613));
#2977=CARTESIAN_POINT('',(97.9121370331395,126.136535607026,32.8187096679613));
#2978=CARTESIAN_POINT('Origin',(0.582187562410397,116.135186710714,32.8187096679613));
#2979=CARTESIAN_POINT('',(-9.4178124375896,116.135186710714,32.8187096679613));
#2980=CARTESIAN_POINT('',(-8.41781243758962,116.135186710714,33.8187096679613));
#2981=CARTESIAN_POINT('Origin',(-8.41781243758962,116.135186710714,32.8187096679613));
#2982=CARTESIAN_POINT('Origin',(0.582187562410397,116.135186710714,33.8187096679613));
#2983=CARTESIAN_POINT('Origin',(0.582187562410397,116.135186710714,32.8187096679613));
#2984=CARTESIAN_POINT('Origin',(-8.41781243758959,101.558076117754,32.8187096679613));
#2985=CARTESIAN_POINT('',(-9.4178124375896,57.8250490427186,32.8187096679613));
#2986=CARTESIAN_POINT('',(-8.41781243758959,57.8250490427186,33.8187096679613));
#2987=CARTESIAN_POINT('Origin',(-8.41781243758959,57.8250490427186,32.8187096679613));
#2988=CARTESIAN_POINT('',(-8.41781243758959,101.558076117754,33.8187096679613));
#2989=CARTESIAN_POINT('',(-9.4178124375896,101.558076117754,32.8187096679613));
#2990=CARTESIAN_POINT('Origin',(0.582187562410361,57.8250490427186,32.8187096679613));
#2991=CARTESIAN_POINT('',(0.582187562410397,47.8250490427186,32.8187096679613));
#2992=CARTESIAN_POINT('',(0.582187562410397,48.8250490427186,33.8187096679613));
#2993=CARTESIAN_POINT('Origin',(0.582187562410397,48.8250490427186,32.8187096679613));
#2994=CARTESIAN_POINT('Origin',(0.582187562410361,57.8250490427186,33.8187096679613));
#2995=CARTESIAN_POINT('Origin',(0.582187562410361,57.8250490427186,32.8187096679613));
#2996=CARTESIAN_POINT('Origin',(36.7501758061757,48.8250490427186,32.8187096679613));
#2997=CARTESIAN_POINT('',(145.254140537472,47.8250490427186,32.8187096679613));
#2998=CARTESIAN_POINT('',(145.254140537472,48.8250490427186,33.8187096679613));
#2999=CARTESIAN_POINT('Origin',(145.254140537472,48.8250490427186,32.8187096679613));
#3000=CARTESIAN_POINT('',(36.7501758061757,48.8250490427186,33.8187096679613));
#3001=CARTESIAN_POINT('',(36.7501758061757,47.8250490427186,32.8187096679613));
#3002=CARTESIAN_POINT('Origin',(145.254140537472,57.8250490427186,32.8187096679613));
#3003=CARTESIAN_POINT('Origin',(145.254140537472,57.8250490427186,33.8187096679613));
#3004=CARTESIAN_POINT('Origin',(145.254140537472,57.8250490427186,32.8187096679613));
#3005=CARTESIAN_POINT('Origin',(122.906652668415,126.136882005911,30.8187096679613));
#3006=CARTESIAN_POINT('',(122.906652668415,126.136882005911,30.8187096679613));
#3007=CARTESIAN_POINT('',(122.906652668415,126.136882005911,30.8187096679613));
#3008=CARTESIAN_POINT('',(0.582048972453357,126.135186709753,30.8187096679613));
#3009=CARTESIAN_POINT('',(122.906652668415,126.136882005911,30.8187096679613));
#3010=CARTESIAN_POINT('',(0.582048972453357,126.135186709753,30.8187096679613));
#3011=CARTESIAN_POINT('Origin',(122.906791258372,116.136882006871,30.8187096679613));
#3012=CARTESIAN_POINT('',(130.824613814007,122.24491654979,30.8187096679613));
#3013=CARTESIAN_POINT('',(130.824613814007,122.24491654979,30.8187096679613));
#3014=CARTESIAN_POINT('Origin',(122.906791258372,116.136882006871,30.8187096679613));
#3015=CARTESIAN_POINT('Origin',(153.171963093106,93.2761304472505,30.8187096679613));
#3016=CARTESIAN_POINT('',(153.171963093106,93.2761304472505,30.8187096679613));
#3017=CARTESIAN_POINT('',(153.171963093106,93.2761304472505,30.8187096679613));
#3018=CARTESIAN_POINT('',(153.171963093106,93.2761304472505,30.8187096679613));
#3019=CARTESIAN_POINT('Origin',(145.254140537471,87.1680959043323,30.8187096679613));
#3020=CARTESIAN_POINT('',(155.254140537472,87.1680959043323,30.8187096679613));
#3021=CARTESIAN_POINT('',(155.254140537472,87.1680959043323,30.8187096679613));
#3022=CARTESIAN_POINT('Origin',(145.254140537471,87.1680959043323,30.8187096679613));
#3023=CARTESIAN_POINT('Origin',(155.254140537472,57.8250490427186,30.8187096679613));
#3024=CARTESIAN_POINT('',(155.254140537472,57.8250490427186,30.8187096679613));
#3025=CARTESIAN_POINT('',(155.254140537472,57.8250490427186,30.8187096679613));
#3026=CARTESIAN_POINT('',(155.254140537472,57.8250490427186,30.8187096679613));
#3027=CARTESIAN_POINT('Origin',(72.918164049941,86.980965524795,33.8187096679613));
#3028=CARTESIAN_POINT('',(124.35657336404,119.893293041836,33.8187096679613));
#3029=CARTESIAN_POINT('Origin',(122.90657336404,119.893293041836,33.8187096679613));
#3030=CARTESIAN_POINT('',(0.582189937282962,57.8250483721663,33.8187096679613));
#3031=CARTESIAN_POINT('',(0.582189937282962,116.137048372166,33.8187096679613));
#3032=CARTESIAN_POINT('',(0.582189937282962,116.137048372166,33.8187096679613));
#3033=CARTESIAN_POINT('',(117.822189937283,116.137048372166,33.8187096679613));
#3034=CARTESIAN_POINT('',(117.822189937283,116.137048372166,33.8187096679613));
#3035=CARTESIAN_POINT('',(145.254189937283,80.5770483721663,33.8187096679613));
#3036=CARTESIAN_POINT('',(145.254189937283,80.5770483721663,33.8187096679613));
#3037=CARTESIAN_POINT('',(145.254189937283,57.8250483721663,33.8187096679613));
#3038=CARTESIAN_POINT('',(145.254189937283,57.8250483721663,33.8187096679613));
#3039=CARTESIAN_POINT('',(0.582189937282962,57.8250483721663,33.8187096679613));
#3040=CARTESIAN_POINT('',(150.580024488058,87.1601874399887,33.8187096679613));
#3041=CARTESIAN_POINT('Origin',(149.130024488058,87.1601874399887,33.8187096679613));
#3042=CARTESIAN_POINT('',(150.032191546608,53.8250480145385,33.8187096679613));
#3043=CARTESIAN_POINT('Origin',(148.582191546608,53.8250480145385,33.8187096679613));
#3044=CARTESIAN_POINT('',(-1.9678090792404,120.825047411041,33.8187096679613));
#3045=CARTESIAN_POINT('Origin',(-3.4178090792404,120.825047411041,33.8187096679613));
#3046=CARTESIAN_POINT('',(-0.967810703466974,53.8250480145385,33.8187096679613));
#3047=CARTESIAN_POINT('Origin',(-2.41781070346697,53.8250480145385,33.8187096679613));
#3048=CARTESIAN_POINT('Origin',(122.90657336404,119.893293041836,30.8187096679613));
#3049=CARTESIAN_POINT('',(124.35657336404,119.893293041836,30.8187096679613));
#3050=CARTESIAN_POINT('',(124.35657336404,119.893293041836,30.8187096679613));
#3051=CARTESIAN_POINT('Origin',(122.90657336404,119.893293041836,30.8187096679613));
#3052=CARTESIAN_POINT('Origin',(145.254189937283,57.8250483721663,30.8187096679613));
#3053=CARTESIAN_POINT('',(145.254189937283,57.8250483721663,30.8187096679613));
#3054=CARTESIAN_POINT('',(0.582189937282962,57.8250483721663,30.8187096679613));
#3055=CARTESIAN_POINT('',(0.582189937282962,57.8250483721663,30.8187096679613));
#3056=CARTESIAN_POINT('',(0.582189937282962,57.8250483721663,30.8187096679613));
#3057=CARTESIAN_POINT('',(145.254189937283,57.8250483721663,30.8187096679613));
#3058=CARTESIAN_POINT('Origin',(145.254189937283,80.5770483721663,30.8187096679613));
#3059=CARTESIAN_POINT('',(145.254189937283,80.5770483721663,30.8187096679613));
#3060=CARTESIAN_POINT('',(145.254189937283,57.8250483721663,30.8187096679613));
#3061=CARTESIAN_POINT('',(145.254189937283,80.5770483721663,30.8187096679613));
#3062=CARTESIAN_POINT('Origin',(117.822189937283,116.137048372166,30.8187096679613));
#3063=CARTESIAN_POINT('',(117.822189937283,116.137048372166,30.8187096679613));
#3064=CARTESIAN_POINT('',(145.254189937283,80.5770483721663,30.8187096679613));
#3065=CARTESIAN_POINT('',(117.822189937283,116.137048372166,30.8187096679613));
#3066=CARTESIAN_POINT('Origin',(0.582189937282962,116.137048372166,30.8187096679613));
#3067=CARTESIAN_POINT('',(0.582189937282962,116.137048372166,30.8187096679613));
#3068=CARTESIAN_POINT('',(117.822189937283,116.137048372166,30.8187096679613));
#3069=CARTESIAN_POINT('',(0.582189937282962,116.137048372166,30.8187096679613));
#3070=CARTESIAN_POINT('Origin',(0.582189937282962,57.8250483721663,30.8187096679613));
#3071=CARTESIAN_POINT('',(0.582189937282962,116.137048372166,30.8187096679613));
#3072=CARTESIAN_POINT('Origin',(149.130024488058,87.1601874399887,30.8187096679613));
#3073=CARTESIAN_POINT('',(150.580024488058,87.1601874399887,30.8187096679613));
#3074=CARTESIAN_POINT('',(150.580024488058,87.1601874399887,30.8187096679613));
#3075=CARTESIAN_POINT('Origin',(149.130024488058,87.1601874399887,30.8187096679613));
#3076=CARTESIAN_POINT('Origin',(148.582191546608,53.8250480145385,30.8187096679613));
#3077=CARTESIAN_POINT('',(150.032191546608,53.8250480145385,30.8187096679613));
#3078=CARTESIAN_POINT('',(150.032191546608,53.8250480145385,30.8187096679613));
#3079=CARTESIAN_POINT('Origin',(148.582191546608,53.8250480145385,30.8187096679613));
#3080=CARTESIAN_POINT('Origin',(-3.4178090792404,120.825047411041,30.8187096679613));
#3081=CARTESIAN_POINT('',(-1.9678090792404,120.825047411041,30.8187096679613));
#3082=CARTESIAN_POINT('',(-1.9678090792404,120.825047411041,30.8187096679613));
#3083=CARTESIAN_POINT('Origin',(-3.4178090792404,120.825047411041,30.8187096679613));
#3084=CARTESIAN_POINT('Origin',(-2.41781070346697,53.8250480145385,30.8187096679613));
#3085=CARTESIAN_POINT('',(-0.967810703466974,53.8250480145385,30.8187096679613));
#3086=CARTESIAN_POINT('',(-0.967810703466965,53.8250480145385,30.8187096679613));
#3087=CARTESIAN_POINT('Origin',(-2.41781070346697,53.8250480145385,30.8187096679613));
#3088=CARTESIAN_POINT('Origin',(145.254140537472,57.8250490427186,30.8187096679613));
#3089=CARTESIAN_POINT('',(145.254140537472,47.8250490427186,30.8187096679613));
#3090=CARTESIAN_POINT('',(145.254140537472,47.8250490427186,30.8187096679613));
#3091=CARTESIAN_POINT('Origin',(145.254140537472,57.8250490427186,30.8187096679613));
#3092=CARTESIAN_POINT('Origin',(0.582187562410397,47.8250490427186,30.8187096679613));
#3093=CARTESIAN_POINT('',(0.582187562410397,47.8250490427186,30.8187096679613));
#3094=CARTESIAN_POINT('',(0.582187562410397,47.8250490427186,30.8187096679613));
#3095=CARTESIAN_POINT('',(0.582187562410397,47.8250490427186,30.8187096679613));
#3096=CARTESIAN_POINT('Origin',(0.582187562410361,57.8250490427186,30.8187096679613));
#3097=CARTESIAN_POINT('',(-9.4178124375896,57.8250490427186,30.8187096679613));
#3098=CARTESIAN_POINT('',(-9.4178124375896,57.8250490427186,30.8187096679613));
#3099=CARTESIAN_POINT('Origin',(0.582187562410361,57.8250490427186,30.8187096679613));
#3100=CARTESIAN_POINT('Origin',(-9.4178124375896,116.135186710714,30.8187096679613));
#3101=CARTESIAN_POINT('',(-9.4178124375896,116.135186710714,30.8187096679613));
#3102=CARTESIAN_POINT('',(-9.4178124375896,116.135186710714,30.8187096679613));
#3103=CARTESIAN_POINT('',(-9.4178124375896,116.135186710714,30.8187096679613));
#3104=CARTESIAN_POINT('Origin',(0.582187562410397,116.135186710714,30.8187096679613));
#3105=CARTESIAN_POINT('Origin',(0.582187562410397,116.135186710714,30.8187096679613));
#3106=CARTESIAN_POINT('Origin',(72.918164049941,86.980965524795,30.8187096679613));
#3107=CARTESIAN_POINT('Origin',(149.046906010269,86.8430843664442,26.65));
#3108=CARTESIAN_POINT('',(147.596906010269,86.8430843664442,29.65));
#3109=CARTESIAN_POINT('Origin',(149.046906010269,86.8430843664442,29.65));
#3110=CARTESIAN_POINT('',(147.596906010269,86.8430843664442,26.65));
#3111=CARTESIAN_POINT('',(147.596906010269,86.8430843664442,26.65));
#3112=CARTESIAN_POINT('Origin',(149.046906010269,86.8430843664442,26.65));
#3113=CARTESIAN_POINT('Origin',(65.462,76.42,26.65));
#3114=CARTESIAN_POINT('',(65.462,76.42,26.65));
#3115=CARTESIAN_POINT('',(79.462,76.42,26.65));
#3116=CARTESIAN_POINT('',(79.462,76.42,26.65));
#3117=CARTESIAN_POINT('',(79.462,76.42,29.65));
#3118=CARTESIAN_POINT('',(79.462,76.42,26.65));
#3119=CARTESIAN_POINT('',(65.462,76.42,29.65));
#3120=CARTESIAN_POINT('',(79.462,76.42,29.65));
#3121=CARTESIAN_POINT('',(65.462,76.42,26.65));
#3122=CARTESIAN_POINT('Origin',(65.462,62.42,26.65));
#3123=CARTESIAN_POINT('',(65.462,62.42,26.65));
#3124=CARTESIAN_POINT('',(65.462,76.42,26.65));
#3125=CARTESIAN_POINT('',(65.462,62.42,29.65));
#3126=CARTESIAN_POINT('',(65.462,76.42,29.65));
#3127=CARTESIAN_POINT('',(65.462,62.42,26.65));
#3128=CARTESIAN_POINT('Origin',(79.462,62.42,26.65));
#3129=CARTESIAN_POINT('',(79.462,62.42,26.65));
#3130=CARTESIAN_POINT('',(65.462,62.42,26.65));
#3131=CARTESIAN_POINT('',(79.462,62.42,29.65));
#3132=CARTESIAN_POINT('',(65.462,62.42,29.65));
#3133=CARTESIAN_POINT('',(79.462,62.42,26.65));
#3134=CARTESIAN_POINT('Origin',(79.462,76.42,26.65));
#3135=CARTESIAN_POINT('',(79.462,62.42,26.65));
#3136=CARTESIAN_POINT('',(79.462,62.42,29.65));
#3137=CARTESIAN_POINT('Origin',(122.824550796971,119.568370288689,26.65));
#3138=CARTESIAN_POINT('',(121.374550796971,119.568370288689,29.65));
#3139=CARTESIAN_POINT('Origin',(122.824550796971,119.568370288689,29.65));
#3140=CARTESIAN_POINT('',(121.374550796971,119.568370288689,26.65));
#3141=CARTESIAN_POINT('',(121.374550796971,119.568370288689,26.65));
#3142=CARTESIAN_POINT('Origin',(122.824550796971,119.568370288689,26.65));
#3143=CARTESIAN_POINT('Origin',(0.5,115.812,26.65));
#3144=CARTESIAN_POINT('',(0.5,115.812,26.65));
#3145=CARTESIAN_POINT('',(117.74,115.812,26.65));
#3146=CARTESIAN_POINT('',(0.5,115.812,26.65));
#3147=CARTESIAN_POINT('',(117.74,115.812,29.65));
#3148=CARTESIAN_POINT('',(117.74,115.812,26.65));
#3149=CARTESIAN_POINT('',(0.5,115.812,29.65));
#3150=CARTESIAN_POINT('',(0.5,115.812,29.65));
#3151=CARTESIAN_POINT('',(0.5,115.812,26.65));
#3152=CARTESIAN_POINT('Origin',(0.5,80.252,26.65));
#3153=CARTESIAN_POINT('',(0.5,80.252,26.65));
#3154=CARTESIAN_POINT('',(0.5,57.5,26.65));
#3155=CARTESIAN_POINT('',(0.5,80.252,29.65));
#3156=CARTESIAN_POINT('',(0.5,57.5,29.65));
#3157=CARTESIAN_POINT('',(0.5,80.252,26.65));
#3158=CARTESIAN_POINT('Origin',(145.172,80.252,26.65));
#3159=CARTESIAN_POINT('',(145.172,80.252,26.65));
#3160=CARTESIAN_POINT('',(145.172,80.252,26.65));
#3161=CARTESIAN_POINT('',(145.172,80.252,29.65));
#3162=CARTESIAN_POINT('',(145.172,80.252,29.65));
#3163=CARTESIAN_POINT('',(145.172,80.252,26.65));
#3164=CARTESIAN_POINT('Origin',(117.74,115.812,26.65));
#3165=CARTESIAN_POINT('',(117.74,115.812,26.65));
#3166=CARTESIAN_POINT('',(117.74,115.812,29.65));
#3167=CARTESIAN_POINT('Origin',(148.500001609325,53.4999996423721,26.65));
#3168=CARTESIAN_POINT('',(147.050001609325,53.4999996423721,29.65));
#3169=CARTESIAN_POINT('Origin',(148.500001609325,53.4999996423721,29.65));
#3170=CARTESIAN_POINT('',(147.050001609325,53.4999996423721,26.65));
#3171=CARTESIAN_POINT('',(147.050001609325,53.4999996423721,26.65));
#3172=CARTESIAN_POINT('Origin',(148.500001609325,53.4999996423721,26.65));
#3173=CARTESIAN_POINT('Origin',(-3.50000065565109,120.50000064075,26.65));
#3174=CARTESIAN_POINT('',(-4.95000065565109,120.50000064075,29.65));
#3175=CARTESIAN_POINT('Origin',(-3.50000065565109,120.50000064075,29.65));
#3176=CARTESIAN_POINT('',(-4.95000065565109,120.50000064075,26.65));
#3177=CARTESIAN_POINT('',(-4.95000065565109,120.50000064075,26.65));
#3178=CARTESIAN_POINT('Origin',(-3.50000065565109,120.50000064075,26.65));
#3179=CARTESIAN_POINT('Origin',(102.462,76.42,26.65));
#3180=CARTESIAN_POINT('',(102.462,76.42,26.65));
#3181=CARTESIAN_POINT('',(116.462,76.42,26.65));
#3182=CARTESIAN_POINT('',(116.462,76.42,26.65));
#3183=CARTESIAN_POINT('',(116.462,76.42,29.65));
#3184=CARTESIAN_POINT('',(116.462,76.42,26.65));
#3185=CARTESIAN_POINT('',(102.462,76.42,29.65));
#3186=CARTESIAN_POINT('',(116.462,76.42,29.65));
#3187=CARTESIAN_POINT('',(102.462,76.42,26.65));
#3188=CARTESIAN_POINT('Origin',(102.462,62.42,26.65));
#3189=CARTESIAN_POINT('',(102.462,62.42,26.65));
#3190=CARTESIAN_POINT('',(102.462,76.42,26.65));
#3191=CARTESIAN_POINT('',(102.462,62.42,29.65));
#3192=CARTESIAN_POINT('',(102.462,76.42,29.65));
#3193=CARTESIAN_POINT('',(102.462,62.42,26.65));
#3194=CARTESIAN_POINT('Origin',(116.462,62.42,26.65));
#3195=CARTESIAN_POINT('',(116.462,62.42,26.65));
#3196=CARTESIAN_POINT('',(102.462,62.42,26.65));
#3197=CARTESIAN_POINT('',(116.462,62.42,29.65));
#3198=CARTESIAN_POINT('',(102.462,62.42,29.65));
#3199=CARTESIAN_POINT('',(116.462,62.42,26.65));
#3200=CARTESIAN_POINT('Origin',(116.462,76.42,26.65));
#3201=CARTESIAN_POINT('',(116.462,62.42,26.65));
#3202=CARTESIAN_POINT('',(116.462,62.42,29.65));
#3203=CARTESIAN_POINT('Origin',(-2.50000064074993,53.4999996423721,26.65));
#3204=CARTESIAN_POINT('',(-3.95000064074994,53.4999996423721,29.65));
#3205=CARTESIAN_POINT('Origin',(-2.50000064074993,53.4999996423721,29.65));
#3206=CARTESIAN_POINT('',(-3.95000064074994,53.4999996423721,26.65));
#3207=CARTESIAN_POINT('',(-3.95000064074994,53.4999996423721,26.65));
#3208=CARTESIAN_POINT('Origin',(-2.50000064074993,53.4999996423721,26.65));
#3209=CARTESIAN_POINT('Origin',(120.962,76.42,26.65));
#3210=CARTESIAN_POINT('',(120.962,76.42,26.65));
#3211=CARTESIAN_POINT('',(134.962,76.42,26.65));
#3212=CARTESIAN_POINT('',(134.962,76.42,26.65));
#3213=CARTESIAN_POINT('',(134.962,76.42,29.65));
#3214=CARTESIAN_POINT('',(134.962,76.42,26.65));
#3215=CARTESIAN_POINT('',(120.962,76.42,29.65));
#3216=CARTESIAN_POINT('',(134.962,76.42,29.65));
#3217=CARTESIAN_POINT('',(120.962,76.42,26.65));
#3218=CARTESIAN_POINT('Origin',(120.962,62.42,26.65));
#3219=CARTESIAN_POINT('',(120.962,62.42,26.65));
#3220=CARTESIAN_POINT('',(120.962,76.42,26.65));
#3221=CARTESIAN_POINT('',(120.962,62.42,29.65));
#3222=CARTESIAN_POINT('',(120.962,76.42,29.65));
#3223=CARTESIAN_POINT('',(120.962,62.42,26.65));
#3224=CARTESIAN_POINT('Origin',(134.962,62.42,26.65));
#3225=CARTESIAN_POINT('',(134.962,62.42,26.65));
#3226=CARTESIAN_POINT('',(120.962,62.42,26.65));
#3227=CARTESIAN_POINT('',(134.962,62.42,29.65));
#3228=CARTESIAN_POINT('',(120.962,62.42,29.65));
#3229=CARTESIAN_POINT('',(134.962,62.42,26.65));
#3230=CARTESIAN_POINT('Origin',(134.962,76.42,26.65));
#3231=CARTESIAN_POINT('',(134.962,62.42,26.65));
#3232=CARTESIAN_POINT('',(134.962,62.42,29.65));
#3233=CARTESIAN_POINT('Origin',(83.962,76.42,26.65));
#3234=CARTESIAN_POINT('',(83.962,76.42,26.65));
#3235=CARTESIAN_POINT('',(97.962,76.42,26.65));
#3236=CARTESIAN_POINT('',(97.962,76.42,26.65));
#3237=CARTESIAN_POINT('',(97.962,76.42,29.65));
#3238=CARTESIAN_POINT('',(97.962,76.42,26.65));
#3239=CARTESIAN_POINT('',(83.962,76.42,29.65));
#3240=CARTESIAN_POINT('',(97.962,76.42,29.65));
#3241=CARTESIAN_POINT('',(83.962,76.42,26.65));
#3242=CARTESIAN_POINT('Origin',(83.962,62.42,26.65));
#3243=CARTESIAN_POINT('',(83.962,62.42,26.65));
#3244=CARTESIAN_POINT('',(83.962,76.42,26.65));
#3245=CARTESIAN_POINT('',(83.962,62.42,29.65));
#3246=CARTESIAN_POINT('',(83.962,76.42,29.65));
#3247=CARTESIAN_POINT('',(83.962,62.42,26.65));
#3248=CARTESIAN_POINT('Origin',(97.962,62.42,26.65));
#3249=CARTESIAN_POINT('',(97.962,62.42,26.65));
#3250=CARTESIAN_POINT('',(83.962,62.42,26.65));
#3251=CARTESIAN_POINT('',(97.962,62.42,29.65));
#3252=CARTESIAN_POINT('',(83.962,62.42,29.65));
#3253=CARTESIAN_POINT('',(97.962,62.42,26.65));
#3254=CARTESIAN_POINT('Origin',(97.962,76.42,26.65));
#3255=CARTESIAN_POINT('',(97.962,62.42,26.65));
#3256=CARTESIAN_POINT('',(97.962,62.42,29.65));
#3257=CARTESIAN_POINT('Origin',(-9.5,115.812,26.65));
#3258=CARTESIAN_POINT('',(-9.49999999999999,57.5,26.65));
#3259=CARTESIAN_POINT('',(-9.49999999999999,115.812,26.65));
#3260=CARTESIAN_POINT('',(-9.49999999999999,57.5,26.65));
#3261=CARTESIAN_POINT('',(-9.49999999999998,57.5,29.65));
#3262=CARTESIAN_POINT('',(-9.49999999999999,57.5,26.65));
#3263=CARTESIAN_POINT('',(-9.49999999999998,115.812,29.65));
#3264=CARTESIAN_POINT('',(-9.49999999999999,57.5,29.65));
#3265=CARTESIAN_POINT('',(-9.49999999999999,115.812,26.65));
#3266=CARTESIAN_POINT('Origin',(1.1880007301569,115.812,26.65));
#3267=CARTESIAN_POINT('',(1.18800073015689,126.500000730157,26.65));
#3268=CARTESIAN_POINT('Origin',(1.1880007301569,115.812,26.65));
#3269=CARTESIAN_POINT('',(1.18800073015689,126.500000730157,29.65));
#3270=CARTESIAN_POINT('Origin',(1.1880007301569,115.812,29.65));
#3271=CARTESIAN_POINT('',(1.18800073015689,126.500000730157,26.65));
#3272=CARTESIAN_POINT('Origin',(120.779466905675,126.500000730157,26.65));
#3273=CARTESIAN_POINT('',(120.779466905675,126.500000730157,26.65));
#3274=CARTESIAN_POINT('',(1.18800073015689,126.500000730157,26.65));
#3275=CARTESIAN_POINT('',(120.779466905675,126.500000730157,29.65));
#3276=CARTESIAN_POINT('',(1.18800073015689,126.500000730157,29.65));
#3277=CARTESIAN_POINT('',(120.779466905675,126.500000730157,26.65));
#3278=CARTESIAN_POINT('Origin',(120.779466905675,116.500000730157,26.65));
#3279=CARTESIAN_POINT('',(128.500110324467,122.855444475472,26.65));
#3280=CARTESIAN_POINT('Origin',(120.779466905675,116.500000730157,26.65));
#3281=CARTESIAN_POINT('',(128.500110324467,122.855444475472,29.65));
#3282=CARTESIAN_POINT('Origin',(120.779466905675,116.500000730157,29.65));
#3283=CARTESIAN_POINT('',(128.500110324467,122.855444475472,26.65));
#3284=CARTESIAN_POINT('Origin',(152.876962068119,93.2422518287379,26.65));
#3285=CARTESIAN_POINT('',(152.876962068119,93.2422518287379,26.65));
#3286=CARTESIAN_POINT('',(128.500110324467,122.855444475472,26.65));
#3287=CARTESIAN_POINT('',(152.876962068119,93.2422518287379,29.65));
#3288=CARTESIAN_POINT('',(128.500110324467,122.855444475472,29.65));
#3289=CARTESIAN_POINT('',(152.876962068119,93.2422518287379,26.65));
#3290=CARTESIAN_POINT('Origin',(145.1032027315,86.8430843664442,26.65));
#3291=CARTESIAN_POINT('',(155.172,86.8430843664442,26.65));
#3292=CARTESIAN_POINT('Origin',(145.1032027315,86.8430843664442,26.65));
#3293=CARTESIAN_POINT('',(155.172,86.8430843664442,29.65));
#3294=CARTESIAN_POINT('Origin',(145.1032027315,86.8430843664442,29.65));
#3295=CARTESIAN_POINT('',(155.172,86.8430843664442,26.65));
#3296=CARTESIAN_POINT('Origin',(155.172,57.5,26.65));
#3297=CARTESIAN_POINT('',(155.172,57.5,26.65));
#3298=CARTESIAN_POINT('',(155.172,57.5,26.65));
#3299=CARTESIAN_POINT('',(155.172,57.5,29.65));
#3300=CARTESIAN_POINT('',(155.172,57.5,29.65));
#3301=CARTESIAN_POINT('',(155.172,57.5,26.65));
#3302=CARTESIAN_POINT('Origin',(145.172,57.5,26.65));
#3303=CARTESIAN_POINT('',(145.172,47.5,26.65));
#3304=CARTESIAN_POINT('Origin',(145.172,57.5,26.65));
#3305=CARTESIAN_POINT('',(145.172,47.5,29.65));
#3306=CARTESIAN_POINT('Origin',(145.172,57.5,29.65));
#3307=CARTESIAN_POINT('',(145.172,47.5,26.65));
#3308=CARTESIAN_POINT('Origin',(0.5,47.5,26.65));
#3309=CARTESIAN_POINT('',(0.5,47.5,26.65));
#3310=CARTESIAN_POINT('',(0.5,47.5,26.65));
#3311=CARTESIAN_POINT('',(0.5,47.5,29.65));
#3312=CARTESIAN_POINT('',(0.5,47.5,29.65));
#3313=CARTESIAN_POINT('',(0.5,47.5,26.65));
#3314=CARTESIAN_POINT('Origin',(0.5,57.5,26.65));
#3315=CARTESIAN_POINT('Origin',(0.5,57.5,26.65));
#3316=CARTESIAN_POINT('Origin',(0.5,57.5,29.65));
#3317=CARTESIAN_POINT('Origin',(72.836,87.0000003650784,29.65));
#3318=CARTESIAN_POINT('Origin',(72.836,87.0000003650784,26.65));
#3319=UNCERTAINTY_MEASURE_WITH_UNIT(LENGTH_MEASURE(0.01),#3323,
'DISTANCE_ACCURACY_VALUE',
'Maximum model space distance between geometric entities at asserted c
onnectivities');
#3320=UNCERTAINTY_MEASURE_WITH_UNIT(LENGTH_MEASURE(0.01),#3323,
'DISTANCE_ACCURACY_VALUE',
'Maximum model space distance between geometric entities at asserted c
onnectivities');
#3321=(
GEOMETRIC_REPRESENTATION_CONTEXT(3)
GLOBAL_UNCERTAINTY_ASSIGNED_CONTEXT((#3319))
GLOBAL_UNIT_ASSIGNED_CONTEXT((#3323,#3325,#3326))
REPRESENTATION_CONTEXT('','3D')
);
#3322=(
GEOMETRIC_REPRESENTATION_CONTEXT(3)
GLOBAL_UNCERTAINTY_ASSIGNED_CONTEXT((#3320))
GLOBAL_UNIT_ASSIGNED_CONTEXT((#3323,#3325,#3326))
REPRESENTATION_CONTEXT('','3D')
);
#3323=(
LENGTH_UNIT()
NAMED_UNIT(*)
SI_UNIT(.MILLI.,.METRE.)
);
#3324=(
LENGTH_UNIT()
NAMED_UNIT(*)
SI_UNIT($,.METRE.)
);
#3325=(
NAMED_UNIT(*)
PLANE_ANGLE_UNIT()
SI_UNIT($,.RADIAN.)
);
#3326=(
NAMED_UNIT(*)
SI_UNIT($,.STERADIAN.)
SOLID_ANGLE_UNIT()
);
#3327=SHAPE_DEFINITION_REPRESENTATION(#3328,#3329);
#3328=PRODUCT_DEFINITION_SHAPE('',$,#3331);
#3329=SHAPE_REPRESENTATION('',(#1979),#3321);
#3330=PRODUCT_DEFINITION_CONTEXT('part definition',#3335,'design');
#3331=PRODUCT_DEFINITION('2026-07-28-22-58-58-938','padpcb step idk',#3332,
#3330);
#3332=PRODUCT_DEFINITION_FORMATION('',$,#3337);
#3333=PRODUCT_RELATED_PRODUCT_CATEGORY('padpcb step idk',
'padpcb step idk',(#3337));
#3334=APPLICATION_PROTOCOL_DEFINITION('international standard',
'automotive_design',2009,#3335);
#3335=APPLICATION_CONTEXT(
'Core Data for Automotive Mechanical Design Process');
#3336=PRODUCT_CONTEXT('part definition',#3335,'mechanical');
#3337=PRODUCT('2026-07-28-22-58-58-938','padpcb step idk',$,(#3336));
#3338=PRESENTATION_STYLE_ASSIGNMENT((#3339));
#3339=SURFACE_STYLE_USAGE(.BOTH.,#3340);
#3340=SURFACE_SIDE_STYLE('',(#3341));
#3341=SURFACE_STYLE_FILL_AREA(#3342);
#3342=FILL_AREA_STYLE('Stal \X2\2014\X0\ satynowa',(#3343));
#3343=FILL_AREA_STYLE_COLOUR('Stal \X2\2014\X0\ satynowa',#3344);
#3344=COLOUR_RGB('Stal \X2\2014\X0\ satynowa',0.627450980392157,0.627450980392157,
0.627450980392157);
ENDSEC;
END-ISO-10303-21;
